,renewvia_id,business_type_shop,business_type_other_business,business_type_religious_institution,business_type_clinic,business_type_school,operation_status,kerosene_usage_change,diesel_usage_change,operations_hours_change,clean_drinking_water_access,new_prod_serv_add_0,new_prod_serv_add_1,workforce_change,workforce_change_female,weekly_monthly_earnings,school_attendance_change,school_attendance_performance
0,131206,1.0,0.0,0.0,0.0,0.0,,-1.0,-1.0,,1.0,0.0,1.0,0.0,,,0.0,0.0
1,131231,0.0,1.0,0.0,0.0,0.0,,-1.0,-1.0,,1.0,0.0,1.0,1.0,,,0.0,0.0
2,131542,1.0,0.0,0.0,0.0,0.0,,-1.0,-1.0,,1.0,0.0,1.0,0.0,,,0.0,0.0
3,131220,1.0,0.0,0.0,0.0,0.0,,1.0,1.0,,1.0,0.0,1.0,1.0,,,0.0,0.0
4,131485,1.0,0.0,0.0,0.0,0.0,,-1.0,-1.0,,1.0,1.0,0.0,0.0,,,0.0,0.0
5,131107,1.0,0.0,0.0,0.0,0.0,,-1.0,-1.0,,1.0,0.0,1.0,0.0,,,0.0,0.0
6,131111,1.0,0.0,0.0,0.0,0.0,,-1.0,-1.0,,1.0,0.0,1.0,1.0,,,0.0,0.0
7,131214,1.0,0.0,0.0,0.0,0.0,,-1.0,-1.0,,0.0,0.0,1.0,0.0,,0.0,0.0,0.0
8,131199,1.0,0.0,0.0,0.0,0.0,,-1.0,-1.0,,0.0,0.0,1.0,0.0,0,,0.0,0.0
9,132296,1.0,0.0,0.0,0.0,0.0,1.0,-1.0,-1.0,,0.0,1.0,0.0,0.0,0,,0.0,0.0
10,131455,1.0,0.0,0.0,0.0,0.0,1.0,-1.0,-1.0,,0.0,0.0,1.0,1.0,1,,0.0,0.0
11,131295,1.0,0.0,0.0,0.0,0.0,1.0,-1.0,-1.0,,0.0,0.0,1.0,0.0,0,,0.0,0.0
12,131225,1.0,0.0,0.0,0.0,0.0,1.0,-1.0,-1.0,,0.0,0.0,1.0,0.0,,,0.0,0.0
13,131101,0.0,1.0,0.0,0.0,0.0,1.0,-1.0,-1.0,,0.0,1.0,0.0,0.0,,,0.0,0.0
14,311102,1.0,0.0,0.0,0.0,0.0,1.0,-1.0,-1.0,,0.0,0.0,1.0,0.0,0,,0.0,0.0
15,131670,1.0,0.0,0.0,0.0,0.0,1.0,-1.0,-1.0,,0.0,0.0,1.0,0.0,,,0.0,0.0
16,131515,1.0,0.0,0.0,0.0,0.0,1.0,-1.0,-1.0,,0.0,1.0,0.0,0.0,,0.0,0.0,0.0
17,131209,1.0,0.0,0.0,0.0,0.0,1.0,-1.0,-1.0,,0.0,0.0,1.0,0.0,0,,0.0,0.0
18,131297,1.0,0.0,0.0,0.0,0.0,1.0,-1.0,-1.0,,0.0,1.0,0.0,0.0,0,,0.0,0.0
19,131221,1.0,0.0,0.0,0.0,0.0,1.0,-1.0,-1.0,,0.0,1.0,0.0,0.0,0,,0.0,0.0
20,131223,0.0,1.0,0.0,0.0,0.0,1.0,-1.0,-1.0,,0.0,0.0,1.0,1.0,3,,0.0,0.0
21,131175,0.0,0.0,1.0,0.0,0.0,1.0,-1.0,-1.0,,0.0,0.0,1.0,0.0,0,,0.0,0.0
22,131503,1.0,0.0,0.0,0.0,0.0,1.0,-1.0,-1.0,,0.0,0.0,1.0,1.0,1,,0.0,0.0
23,131181,1.0,0.0,0.0,0.0,0.0,1.0,-1.0,-1.0,,0.0,0.0,1.0,0.0,0,,0.0,0.0
24,131213,1.0,0.0,0.0,0.0,0.0,1.0,-1.0,-1.0,,0.0,0.0,1.0,1.0,0,,0.0,0.0
25,131159,0.0,0.0,0.0,1.0,0.0,1.0,-1.0,-1.0,,0.0,1.0,0.0,0.0,0,,0.0,0.0
26,131328,1.0,0.0,0.0,0.0,0.0,1.0,-1.0,-1.0,,0.0,0.0,1.0,0.0,0,,0.0,0.0
27,131586,1.0,0.0,0.0,0.0,0.0,1.0,-1.0,-1.0,,0.0,0.0,1.0,0.0,0,,0.0,0.0
28,131582,1.0,0.0,0.0,0.0,0.0,1.0,-1.0,-1.0,,0.0,1.0,0.0,0.0,0,,0.0,0.0
29,131294,0.0,1.0,0.0,0.0,0.0,1.0,-1.0,-1.0,,0.0,1.0,0.0,0.0,0,,0.0,0.0
30,131216,1.0,0.0,0.0,0.0,0.0,1.0,-1.0,-1.0,,0.0,1.0,0.0,0.0,0,,0.0,0.0
31,131269,0.0,1.0,0.0,0.0,0.0,1.0,-1.0,-1.0,,0.0,0.0,1.0,1.0,1,,0.0,0.0
32,131314,0.0,1.0,0.0,0.0,0.0,1.0,-1.0,-1.0,,0.0,0.0,1.0,1.0,2,,0.0,0.0
33,131293,0.0,1.0,0.0,0.0,0.0,1.0,-1.0,-1.0,,0.0,0.0,1.0,0.0,0,0.0,1.0,1.0
34,131400,0.0,0.0,1.0,0.0,0.0,1.0,-1.0,-1.0,,1.0,0.0,1.0,0.0,0,,1.0,1.0
35,131291,0.0,1.0,0.0,0.0,0.0,1.0,-1.0,-1.0,,0.0,0.0,1.0,1.0,5,,0.0,0.0
36,131194,0.0,1.0,0.0,0.0,0.0,1.0,-1.0,-1.0,,0.0,1.0,0.0,0.0,0,,0.0,0.0
37,131319,0.0,1.0,0.0,0.0,0.0,1.0,-1.0,-1.0,,0.0,0.0,1.0,1.0,1,,0.0,0.0
38,131344,1.0,0.0,0.0,0.0,0.0,1.0,-1.0,-1.0,,0.0,0.0,1.0,0.0,0,,0.0,0.0
39,131324,0.0,1.0,0.0,0.0,0.0,1.0,-1.0,-1.0,,0.0,1.0,0.0,1.0,0,,0.0,0.0
40,131215,1.0,0.0,0.0,0.0,0.0,1.0,-1.0,-1.0,,0.0,1.0,0.0,0.0,0,,0.0,0.0
41,131287,1.0,0.0,0.0,0.0,0.0,1.0,-1.0,-1.0,,0.0,1.0,0.0,1.0,0,,0.0,0.0
42,131177,1.0,0.0,0.0,0.0,0.0,1.0,-1.0,-1.0,,0.0,0.0,1.0,1.0,2,,0.0,0.0
43,131429,0.0,1.0,0.0,0.0,0.0,1.0,-1.0,-1.0,,0.0,1.0,0.0,0.0,0,,0.0,0.0
44,131641,0.0,0.0,0.0,1.0,0.0,1.0,-1.0,-1.0,,0.0,0.0,1.0,1.0,5,0.0,0.0,0.0
45,131405,0.0,1.0,0.0,0.0,0.0,1.0,-1.0,-1.0,,0.0,0.0,1.0,1.0,1,,0.0,0.0
46,131332,0.0,1.0,0.0,0.0,0.0,1.0,-1.0,-1.0,,0.0,0.0,1.0,1.0,1,,0.0,0.0
47,131581,1.0,0.0,0.0,0.0,0.0,1.0,-1.0,-1.0,,0.0,1.0,0.0,0.0,0,,0.0,0.0
48,131207,1.0,0.0,0.0,0.0,0.0,1.0,-1.0,-1.0,,0.0,0.0,1.0,0.0,0,,0.0,0.0
49,131665,1.0,0.0,0.0,0.0,0.0,1.0,-1.0,-1.0,,0.0,1.0,0.0,0.0,1,,0.0,0.0
50,131524,1.0,0.0,0.0,0.0,0.0,1.0,-1.0,-1.0,,0.0,1.0,0.0,0.0,0,,0.0,0.0
51,131568,1.0,0.0,0.0,0.0,0.0,1.0,-1.0,-1.0,,0.0,0.0,1.0,0.0,0,,0.0,0.0
52,131550,0.0,0.0,1.0,0.0,0.0,1.0,-1.0,-1.0,,0.0,0.0,1.0,1.0,2,,0.0,0.0
53,131571,1.0,0.0,0.0,0.0,0.0,1.0,-1.0,-1.0,,0.0,0.0,1.0,0.0,0,,0.0,0.0
54,131387,1.0,0.0,0.0,0.0,0.0,1.0,-1.0,-1.0,,1.0,0.0,1.0,0.0,,,0.0,0.0
55,131487,0.0,1.0,0.0,0.0,0.0,1.0,-1.0,-1.0,,1.0,0.0,1.0,0.0,0,0.0,0.0,0.0
56,131596,0.0,1.0,0.0,0.0,0.0,1.0,-1.0,-1.0,,0.0,0.0,1.0,1.0,2,,1.0,1.0
57,131599,0.0,0.0,0.0,0.0,1.0,1.0,0.0,-1.0,,0.0,0.0,1.0,0.0,0,0.0,1.0,1.0
58,131598,0.0,0.0,0.0,0.0,1.0,1.0,-1.0,-1.0,,0.0,0.0,1.0,0.0,0,0.0,1.0,1.0
59,131509,1.0,0.0,0.0,0.0,0.0,1.0,-1.0,-1.0,,0.0,1.0,0.0,0.0,0,,0.0,0.0
60,131243,1.0,0.0,0.0,0.0,0.0,1.0,-1.0,-1.0,,1.0,1.0,0.0,1.0,0,,0.0,0.0
61,131603,0.0,1.0,0.0,0.0,0.0,1.0,-1.0,-1.0,,1.0,0.0,1.0,0.0,0,0.0,0.0,0.0
62,131310,0.0,1.0,0.0,0.0,0.0,1.0,-1.0,-1.0,,1.0,0.0,1.0,1.0,2,,0.0,0.0
63,131392,0.0,0.0,1.0,0.0,0.0,1.0,-1.0,-1.0,,0.0,1.0,0.0,0.0,0,0.0,0.0,0.0
64,131248,1.0,0.0,0.0,0.0,0.0,1.0,-1.0,-1.0,,0.0,1.0,0.0,0.0,0,,0.0,0.0
65,131608,1.0,0.0,0.0,0.0,0.0,1.0,-1.0,-1.0,,0.0,1.0,0.0,0.0,0,,0.0,0.0
66,131249,1.0,0.0,0.0,0.0,0.0,1.0,-1.0,-1.0,,0.0,1.0,0.0,1.0,1,,0.0,0.0
67,131338,1.0,0.0,0.0,0.0,0.0,1.0,-1.0,-1.0,,0.0,1.0,0.0,0.0,0,,0.0,0.0
68,131523,1.0,0.0,0.0,0.0,0.0,1.0,-1.0,-1.0,,1.0,1.0,0.0,0.0,0,,0.0,0.0
69,131234,0.0,1.0,0.0,0.0,0.0,1.0,-1.0,-1.0,,0.0,1.0,0.0,0.0,0,,0.0,0.0
70,131320,0.0,1.0,0.0,0.0,0.0,1.0,-1.0,-1.0,,0.0,1.0,0.0,0.0,0,,0.0,0.0
71,131667,1.0,0.0,0.0,0.0,0.0,1.0,-1.0,-1.0,,0.0,1.0,0.0,0.0,0,,0.0,0.0
72,131336,0.0,1.0,0.0,0.0,0.0,1.0,-1.0,-1.0,,0.0,1.0,0.0,1.0,1,,0.0,0.0
73,131106,1.0,0.0,0.0,0.0,0.0,1.0,-1.0,-1.0,,0.0,1.0,0.0,0.0,0,,0.0,0.0
74,131597,0.0,0.0,0.0,0.0,1.0,1.0,-1.0,-1.0,,1.0,0.0,1.0,0.0,0,0.0,1.0,1.0
75,131516,1.0,0.0,0.0,0.0,0.0,1.0,-1.0,-1.0,,0.0,1.0,0.0,0.0,0,,0.0,0.0
76,131198,1.0,0.0,0.0,0.0,0.0,1.0,-1.0,-1.0,,0.0,0.0,1.0,0.0,0,,0.0,0.0
77,131435,1.0,0.0,0.0,0.0,0.0,1.0,-1.0,-1.0,,0.0,0.0,1.0,1.0,1,,0.0,0.0
78,131183,1.0,0.0,0.0,0.0,0.0,1.0,-1.0,-1.0,,0.0,0.0,1.0,1.0,0,,0.0,0.0
79,131261,0.0,0.0,1.0,0.0,0.0,1.0,-1.0,-1.0,,1.0,0.0,1.0,0.0,0,0.0,0.0,0.0
80,131119,0.0,1.0,0.0,0.0,0.0,1.0,-1.0,-1.0,,1.0,1.0,0.0,1.0,1,,0.0,0.0
81,131601,0.0,0.0,0.0,1.0,0.0,1.0,-1.0,-1.0,,1.0,0.0,1.0,0.0,0,,0.0,0.0
82,131157,0.0,1.0,0.0,0.0,0.0,1.0,-1.0,-1.0,,0.0,1.0,0.0,0.0,0,,0.0,0.0
83,131292,0.0,1.0,0.0,0.0,0.0,1.0,-1.0,-1.0,,1.0,1.0,0.0,0.0,0,0.0,0.0,
84,131567,0.0,1.0,0.0,0.0,0.0,1.0,-1.0,-1.0,,1.0,1.0,0.0,0.0,0,,0.0,0.0
85,131569,1.0,0.0,0.0,0.0,0.0,1.0,-1.0,-1.0,,1.0,1.0,0.0,0.0,0,,0.0,0.0
86,141198,0.0,1.0,0.0,0.0,0.0,1.0,-1.0,-1.0,,1.0,0.0,1.0,0.0,0,,0.0,0.0
87,141108,1.0,0.0,0.0,0.0,0.0,1.0,-1.0,-1.0,,1.0,1.0,0.0,0.0,0,,0.0,0.0
88,141121,0.0,1.0,0.0,0.0,0.0,1.0,-1.0,-1.0,,1.0,1.0,0.0,0.0,0,,0.0,0.0
89,141126,1.0,0.0,0.0,0.0,0.0,1.0,-1.0,-1.0,,1.0,1.0,0.0,1.0,3,,0.0,0.0
90,141130,1.0,0.0,0.0,0.0,0.0,1.0,-1.0,-1.0,,1.0,1.0,0.0,0.0,0,,0.0,0.0
91,141122,0.0,1.0,0.0,0.0,0.0,1.0,-1.0,-1.0,,1.0,1.0,0.0,0.0,0,,0.0,0.0
92,141179,1.0,0.0,0.0,0.0,0.0,1.0,-1.0,-1.0,,1.0,1.0,0.0,0.0,0,,0.0,0.0
93,141166,1.0,0.0,0.0,0.0,0.0,1.0,-1.0,-1.0,,1.0,1.0,0.0,0.0,0,,0.0,0.0
94,131112,1.0,0.0,0.0,0.0,0.0,1.0,-1.0,-1.0,,1.0,1.0,0.0,0.0,0,,0.0,0.0
95,141137,1.0,0.0,0.0,0.0,0.0,1.0,-1.0,-1.0,,1.0,1.0,0.0,0.0,0,,0.0,0.0
96,141155,1.0,0.0,0.0,0.0,0.0,1.0,-1.0,-1.0,,1.0,1.0,0.0,0.0,0,,0.0,0.0
97,141106,1.0,0.0,0.0,0.0,0.0,1.0,-1.0,-1.0,,1.0,1.0,0.0,0.0,0,,0.0,0.0
98,141150,1.0,0.0,0.0,0.0,0.0,1.0,-1.0,-1.0,,1.0,1.0,0.0,0.0,0,,0.0,0.0
99,141153,0.0,0.0,1.0,0.0,0.0,1.0,-1.0,-1.0,,1.0,0.0,1.0,1.0,1,0.0,0.0,0.0
100,141123,1.0,0.0,0.0,0.0,0.0,1.0,-1.0,-1.0,,1.0,1.0,0.0,0.0,0,,0.0,0.0
101,141504,0.0,1.0,0.0,0.0,0.0,1.0,-1.0,-1.0,,1.0,1.0,0.0,0.0,0,,0.0,0.0
102,141191,0.0,0.0,1.0,0.0,0.0,1.0,-1.0,-1.0,,1.0,1.0,0.0,0.0,0,0.0,0.0,0.0
103,141200,0.0,0.0,0.0,1.0,0.0,1.0,-1.0,-1.0,,1.0,1.0,0.0,0.0,0,0.0,0.0,0.0
104,141119,1.0,0.0,0.0,0.0,0.0,1.0,-1.0,-1.0,,1.0,1.0,0.0,0.0,0,,0.0,0.0
105,141129,0.0,1.0,0.0,0.0,0.0,1.0,-1.0,-1.0,,1.0,1.0,0.0,0.0,0,,0.0,0.0
106,141616,0.0,1.0,0.0,0.0,0.0,1.0,-1.0,-1.0,,1.0,1.0,0.0,1.0,0,,0.0,0.0
107,141144,0.0,1.0,0.0,0.0,0.0,1.0,-1.0,-1.0,,1.0,1.0,0.0,0.0,0,,0.0,0.0
108,141128,1.0,0.0,0.0,0.0,0.0,1.0,-1.0,-1.0,,1.0,0.0,1.0,0.0,0,,0.0,0.0
109,141135,0.0,1.0,0.0,0.0,0.0,1.0,-1.0,-1.0,,1.0,0.0,1.0,1.0,0,,0.0,0.0
110,141309,1.0,0.0,0.0,0.0,0.0,1.0,-1.0,-1.0,,1.0,1.0,0.0,0.0,0,,0.0,0.0
111,ND2256,1.0,0.0,0.0,0.0,0.0,1.0,-1.0,-1.0,,1.0,0.0,1.0,0.0,0,,0.0,
112,ND2268,1.0,0.0,0.0,0.0,0.0,1.0,-1.0,-1.0,,1.0,0.0,1.0,0.0,0,,0.0,
113,ND2285,0.0,0.0,0.0,0.0,1.0,1.0,-1.0,-1.0,,1.0,0.0,1.0,0.0,,,1.0,1.0
114,ND2375,1.0,0.0,0.0,0.0,0.0,1.0,-1.0,-1.0,,1.0,0.0,1.0,0.0,,,,
115,ND2490,0.0,1.0,0.0,0.0,0.0,1.0,-1.0,-1.0,,1.0,1.0,0.0,0.0,,,,
116,ND2233,0.0,0.0,0.0,1.0,0.0,1.0,-1.0,-1.0,,1.0,1.0,0.0,0.0,,,0.0,
117,ND2427,0.0,1.0,0.0,0.0,0.0,0.0,-1.0,-1.0,,1.0,1.0,0.0,0.0,0,0.0,,
118,ND2383,1.0,0.0,0.0,0.0,0.0,1.0,-1.0,-1.0,,1.0,0.0,1.0,0.0,0,,,
119,ND2345,1.0,0.0,0.0,0.0,0.0,1.0,-1.0,-1.0,,1.0,0.0,1.0,0.0,0,,,
120,ND2355,0.0,1.0,0.0,0.0,0.0,1.0,-1.0,-1.0,,1.0,1.0,0.0,0.0,0,,,
121,ND2226,0.0,1.0,0.0,0.0,0.0,1.0,-1.0,-1.0,,1.0,1.0,0.0,0.0,0,,,
122,ND2286,0.0,1.0,0.0,0.0,0.0,1.0,-1.0,-1.0,,1.0,0.0,1.0,1.0,1,,,
123,ND2324,1.0,0.0,0.0,0.0,0.0,1.0,-1.0,-1.0,,1.0,0.0,1.0,1.0,2,,,
124,ND2396,1.0,0.0,0.0,0.0,0.0,1.0,-1.0,-1.0,,1.0,0.0,1.0,1.0,2,,,
125,ND2397,1.0,0.0,0.0,0.0,0.0,1.0,-1.0,-1.0,,1.0,0.0,1.0,0.0,0,,,
126,ND2295,0.0,1.0,0.0,0.0,0.0,1.0,-1.0,-1.0,,1.0,1.0,0.0,1.0,0,,,
127,ND2401,1.0,0.0,0.0,0.0,0.0,1.0,-1.0,-1.0,,1.0,1.0,0.0,0.0,0,,,
128,ND2329,1.0,0.0,0.0,0.0,0.0,1.0,-1.0,-1.0,,1.0,0.0,1.0,0.0,0,,,
129,ND2405,0.0,1.0,0.0,0.0,0.0,1.0,-1.0,-1.0,,1.0,1.0,0.0,0.0,0,,,
130,ND2466,0.0,1.0,0.0,0.0,0.0,1.0,-1.0,-1.0,,1.0,1.0,0.0,0.0,0,,,
131,ND2361,1.0,0.0,0.0,0.0,0.0,1.0,-1.0,-1.0,,1.0,1.0,0.0,0.0,0,,,
132,ND0000,0.0,1.0,0.0,0.0,0.0,1.0,-1.0,-1.0,,1.0,0.0,1.0,1.0,1,,,
133,ND2253,0.0,0.0,0.0,1.0,0.0,1.0,-1.0,-1.0,,1.0,0.0,1.0,0.0,1,,,
134,ND0058,0.0,1.0,0.0,0.0,0.0,1.0,-1.0,-1.0,,1.0,1.0,0.0,0.0,0,,,
135,ND2407,1.0,0.0,0.0,0.0,0.0,1.0,-1.0,-1.0,,1.0,1.0,0.0,1.0,0,,,
136,ND2344,1.0,0.0,0.0,0.0,0.0,1.0,-1.0,-1.0,,1.0,1.0,0.0,0.0,0,,,
137,ND2264,1.0,0.0,0.0,0.0,0.0,1.0,-1.0,-1.0,,1.0,0.0,1.0,0.0,0,,,
138,ND2245,0.0,0.0,1.0,0.0,0.0,1.0,-1.0,-1.0,,1.0,1.0,0.0,0.0,0,,,
139,ND2547,0.0,1.0,0.0,0.0,0.0,1.0,-1.0,-1.0,,1.0,1.0,0.0,0.0,0,,,
140,ND2446,1.0,0.0,0.0,0.0,0.0,1.0,-1.0,-1.0,,1.0,1.0,0.0,0.0,0,,,
141,ND2386,1.0,0.0,0.0,0.0,0.0,1.0,-1.0,-1.0,,1.0,1.0,0.0,0.0,0,,,
142,ND2537,0.0,1.0,0.0,0.0,0.0,1.0,-1.0,-1.0,,1.0,0.0,1.0,1.0,0,,,
143,ND2294,1.0,0.0,0.0,0.0,0.0,1.0,-1.0,-1.0,,1.0,0.0,1.0,0.0,0,,,
144,ND2293,1.0,0.0,0.0,0.0,0.0,1.0,-1.0,-1.0,,1.0,1.0,0.0,0.0,0,,,
145,ND2293,1.0,0.0,0.0,0.0,0.0,1.0,-1.0,-1.0,,1.0,1.0,0.0,0.0,0,,,
146,ND2492,1.0,0.0,0.0,0.0,0.0,0.0,-1.0,-1.0,0.0,0.0,1.0,0.0,0.0,1,0.0,,
147,ND2336,1.0,0.0,0.0,0.0,0.0,1.0,-1.0,-1.0,,1.0,1.0,0.0,0.0,0,,,
148,ND2289,0.0,1.0,0.0,0.0,0.0,1.0,-1.0,-1.0,,1.0,1.0,0.0,1.0,1,,,
149,161007,0.0,1.0,0.0,0.0,0.0,1.0,-1.0,-1.0,,0.0,1.0,0.0,0.0,0,,,
150,161027,0.0,1.0,0.0,0.0,0.0,1.0,-1.0,-1.0,,0.0,1.0,0.0,0.0,0,,,
151,161005,0.0,1.0,0.0,0.0,0.0,1.0,-1.0,-1.0,,0.0,1.0,0.0,0.0,0,,,
152,161142,0.0,0.0,0.0,1.0,0.0,1.0,-1.0,-1.0,,0.0,0.0,1.0,1.0,2,,,
153,161026,0.0,1.0,0.0,0.0,0.0,1.0,-1.0,-1.0,,0.0,1.0,0.0,0.0,0,,,
154,161010,0.0,1.0,0.0,0.0,0.0,1.0,-1.0,-1.0,,0.0,1.0,0.0,0.0,0,,,
155,161150,0.0,0.0,1.0,0.0,0.0,1.0,-1.0,-1.0,,0.0,0.0,1.0,0.0,0,,,
156,161094,0.0,0.0,1.0,0.0,0.0,1.0,-1.0,-1.0,,0.0,1.0,0.0,0.0,,,,
157,161086,0.0,1.0,0.0,0.0,0.0,1.0,-1.0,-1.0,,0.0,1.0,0.0,0.0,,,,
158,161072,0.0,0.0,0.0,0.0,1.0,1.0,-1.0,-1.0,,0.0,0.0,1.0,0.0,0,,1.0,1.0
159,161071,0.0,0.0,0.0,0.0,1.0,1.0,-1.0,-1.0,,0.0,0.0,1.0,0.0,0,,1.0,1.0
160,RN2277,1.0,0.0,0.0,0.0,0.0,1.0,-1.0,-1.0,,1.0,0.0,1.0,0.0,0,,0.0,0.0
161,RN2329,1.0,0.0,0.0,0.0,0.0,1.0,-1.0,-1.0,,1.0,0.0,1.0,0.0,0,,0.0,0.0
162,RN2242,0.0,0.0,1.0,0.0,0.0,1.0,-1.0,-1.0,,1.0,0.0,1.0,0.0,0,,0.0,0.0
163,RN2222,0.0,1.0,0.0,0.0,0.0,1.0,-1.0,-1.0,,1.0,0.0,1.0,1.0,0,,0.0,0.0
164,RN2247,1.0,0.0,0.0,0.0,0.0,1.0,-1.0,-1.0,,1.0,0.0,1.0,1.0,4,,0.0,0.0
165,RN2701,1.0,0.0,0.0,0.0,0.0,1.0,-1.0,-1.0,,1.0,0.0,1.0,0.0,0,,0.0,0.0
166,RN2265,1.0,0.0,0.0,0.0,0.0,1.0,-1.0,-1.0,,1.0,0.0,1.0,0.0,0,,0.0,0.0
167,RN2835,1.0,0.0,0.0,0.0,0.0,1.0,-1.0,-1.0,,1.0,1.0,0.0,0.0,1,,0.0,0.0
168,RN2339,1.0,0.0,0.0,0.0,0.0,1.0,-1.0,-1.0,,1.0,0.0,1.0,0.0,2,,0.0,0.0
169,RN2257,0.0,1.0,0.0,0.0,0.0,1.0,-1.0,-1.0,,1.0,1.0,0.0,1.0,2,,0.0,0.0
170,RN2286,0.0,1.0,0.0,0.0,0.0,1.0,-1.0,-1.0,,1.0,1.0,0.0,1.0,2,,0.0,0.0
171,RN2632,0.0,0.0,1.0,0.0,0.0,1.0,-1.0,-1.0,,1.0,0.0,1.0,0.0,0,0.0,0.0,0.0
172,2228,0.0,1.0,0.0,0.0,0.0,1.0,-1.0,-1.0,,1.0,0.0,1.0,1.0,2,,0.0,0.0
173,RN2253,1.0,0.0,0.0,0.0,0.0,1.0,-1.0,-1.0,,1.0,0.0,1.0,0.0,0,,0.0,0.0
174,RN2803,1.0,0.0,0.0,0.0,0.0,1.0,-1.0,-1.0,,1.0,0.0,1.0,1.0,1,,0.0,0.0
175,RN2328,0.0,0.0,0.0,1.0,0.0,1.0,-1.0,-1.0,,1.0,1.0,0.0,0.0,0,,0.0,0.0
176,RN2285,0.0,1.0,0.0,0.0,0.0,1.0,-1.0,-1.0,,1.0,1.0,0.0,0.0,0,,0.0,0.0
177,RN2393,1.0,0.0,0.0,0.0,0.0,1.0,-1.0,-1.0,,1.0,1.0,0.0,0.0,0,,0.0,0.0
178,RN2325,0.0,1.0,0.0,0.0,0.0,1.0,-1.0,-1.0,,1.0,1.0,0.0,0.0,0,,0.0,0.0
179,RN2266,1.0,0.0,0.0,0.0,0.0,1.0,-1.0,-1.0,,1.0,1.0,0.0,1.0,2,,0.0,0.0
180,RN2214,1.0,0.0,0.0,0.0,0.0,1.0,-1.0,-1.0,,1.0,0.0,1.0,0.0,0,,0.0,0.0
181,RN2269,0.0,1.0,0.0,0.0,0.0,1.0,-1.0,-1.0,,1.0,1.0,0.0,0.0,3,,0.0,0.0
182,RN2692,1.0,0.0,0.0,0.0,0.0,1.0,-1.0,-1.0,,1.0,0.0,1.0,0.0,0,,0.0,0.0
183,RN2691,1.0,0.0,0.0,0.0,0.0,1.0,-1.0,-1.0,,1.0,1.0,0.0,0.0,0,,0.0,0.0
184,RN2336,1.0,0.0,0.0,0.0,0.0,1.0,-1.0,-1.0,,1.0,1.0,0.0,0.0,0,,0.0,0.0
185,RN2378,0.0,1.0,0.0,0.0,0.0,1.0,-1.0,-1.0,,1.0,1.0,0.0,0.0,0,0.0,0.0,0.0
186,RN2454,0.0,1.0,0.0,0.0,0.0,1.0,-1.0,-1.0,,1.0,1.0,0.0,0.0,0,,0.0,0.0
187,RN2296,0.0,1.0,0.0,0.0,0.0,1.0,-1.0,-1.0,,1.0,0.0,1.0,0.0,0,,0.0,0.0
188,RN2393,0.0,1.0,0.0,0.0,0.0,1.0,-1.0,-1.0,,1.0,1.0,0.0,0.0,0,,0.0,0.0
189,RN2273,0.0,1.0,0.0,0.0,0.0,1.0,-1.0,-1.0,,1.0,0.0,1.0,0.0,0,,0.0,0.0
190,RN2268,0.0,1.0,0.0,0.0,0.0,1.0,-1.0,-1.0,,1.0,0.0,1.0,0.0,0,,0.0,0.0
191,RN2394,0.0,1.0,0.0,0.0,0.0,1.0,-1.0,-1.0,,1.0,0.0,1.0,0.0,0,,0.0,0.0
192,RN2265,0.0,1.0,0.0,0.0,0.0,1.0,-1.0,-1.0,,1.0,1.0,0.0,0.0,0,,0.0,0.0
193,RN2386,1.0,0.0,0.0,0.0,0.0,1.0,-1.0,-1.0,,1.0,0.0,1.0,0.0,0,,0.0,0.0
194,RN2238,0.0,1.0,0.0,0.0,0.0,1.0,-1.0,-1.0,,1.0,1.0,0.0,0.0,1,,0.0,0.0
195,RN2265,1.0,0.0,0.0,0.0,0.0,1.0,-1.0,-1.0,,1.0,0.0,1.0,0.0,0,,0.0,0.0
196,RN2374,0.0,1.0,0.0,0.0,0.0,1.0,-1.0,-1.0,,-1.0,1.0,0.0,0.0,0,,0.0,0.0
197,2262,0.0,1.0,0.0,0.0,0.0,1.0,-1.0,-1.0,,1.0,1.0,0.0,0.0,0,,0.0,0.0
198,RN2424,1.0,0.0,0.0,0.0,0.0,1.0,-1.0,-1.0,,1.0,0.0,1.0,0.0,0,,0.0,0.0
199,RN2428,0.0,0.0,1.0,0.0,0.0,1.0,-1.0,-1.0,,1.0,1.0,0.0,0.0,0,0.0,0.0,0.0
200,RN2276,0.0,1.0,0.0,0.0,0.0,1.0,-1.0,-1.0,,1.0,0.0,1.0,1.0,2,,0.0,0.0
201,151200,0.0,0.0,1.0,0.0,0.0,1.0,0.0,0.0,0.0,0.0,0.0,1.0,0.0,None ,,,
202,8733705,0.0,0.0,0.0,0.0,1.0,1.0,0.0,0.0,0.0,0.0,1.0,0.0,0.0,None ,,0.0,0.0
203,151140,1.0,0.0,0.0,0.0,0.0,1.0,-1.0,-1.0,,0.0,0.0,1.0,1.0,1,,1.0,1.0
204,151125,1.0,0.0,0.0,0.0,0.0,1.0,1.0,1.0,,0.0,1.0,0.0,0.0,,,,
205,151115,1.0,0.0,0.0,0.0,0.0,1.0,0.0,0.0,0.0,0.0,1.0,0.0,1.0,1,,,
206,151118,1.0,0.0,0.0,0.0,0.0,1.0,0.0,1.0,0.0,0.0,1.0,0.0,0.0,None ,,,
207,151220,1.0,0.0,0.0,0.0,0.0,1.0,0.0,1.0,0.0,0.0,1.0,0.0,0.0,None ,,,0.0
208,151135,1.0,0.0,0.0,0.0,0.0,1.0,-1.0,-1.0,,0.0,0.0,1.0,1.0,1,,1.0,1.0
209,151150,0.0,1.0,0.0,0.0,0.0,1.0,-1.0,-1.0,,1.0,0.0,1.0,1.0,3,,1.0,1.0
210,151192,0.0,0.0,0.0,0.0,1.0,1.0,-1.0,-1.0,,0.0,1.0,0.0,1.0,3,,1.0,1.0
211,151127,1.0,0.0,0.0,0.0,0.0,1.0,-1.0,-1.0,,0.0,1.0,0.0,0.0,,,1.0,1.0
212,151193,0.0,0.0,0.0,1.0,0.0,1.0,0.0,1.0,,0.0,1.0,0.0,1.0,6,,,
213,151135,1.0,0.0,0.0,0.0,0.0,1.0,0.0,1.0,0.0,0.0,1.0,0.0,0.0,None ,0.0,,
214,151190,1.0,0.0,0.0,0.0,0.0,1.0,0.0,1.0,0.0,0.0,1.0,0.0,-1.0,,0.0,,
215,151177,0.0,0.0,0.0,0.0,1.0,1.0,0.0,1.0,,0.0,1.0,0.0,1.0,1,,1.0,1.0
216,151250,0.0,0.0,0.0,0.0,1.0,1.0,0.0,0.0,,0.0,0.0,1.0,1.0,1,,1.0,1.0
217,210110,0.0,0.0,0.0,1.0,0.0,1.0,-1.0,-1.0,,0.0,0.0,1.0,1.0,2,,0.0,0.0
218,21010,0.0,1.0,0.0,0.0,0.0,1.0,-1.0,-1.0,,0.0,0.0,1.0,0.0,0,,0.0,0.0
219,210160,0.0,1.0,0.0,0.0,0.0,1.0,-1.0,-1.0,,0.0,0.0,1.0,0.0,0,,0.0,
220,210118,0.0,0.0,1.0,0.0,0.0,1.0,-1.0,-1.0,,0.0,0.0,1.0,0.0,0,,,
221,210123,0.0,0.0,1.0,0.0,0.0,1.0,-1.0,-1.0,,0.0,0.0,1.0,0.0,0,,,
222,210119,1.0,0.0,0.0,0.0,0.0,1.0,-1.0,-1.0,,0.0,0.0,1.0,0.0,0,,,
223,210124,1.0,0.0,0.0,0.0,0.0,1.0,-1.0,-1.0,,0.0,1.0,0.0,0.0,0,,,
224,210114,0.0,1.0,0.0,0.0,0.0,0.0,-1.0,-1.0,0.0,0.0,1.0,0.0,0.0,0,,,
225,210130,0.0,1.0,0.0,0.0,0.0,1.0,-1.0,-1.0,,0.0,0.0,1.0,1.0,1,,,
226,210135,0.0,1.0,0.0,0.0,0.0,1.0,-1.0,-1.0,,0.0,0.0,1.0,1.0,2,,,
227,210112,1.0,0.0,0.0,0.0,0.0,1.0,-1.0,-1.0,,0.0,0.0,1.0,0.0,0,,,
228,210101,1.0,0.0,0.0,0.0,0.0,1.0,-1.0,-1.0,,0.0,0.0,1.0,0.0,0,,,
229,210122,0.0,0.0,0.0,0.0,1.0,1.0,-1.0,-1.0,,0.0,0.0,1.0,0.0,0,,1.0,1.0
230,210125,1.0,0.0,0.0,0.0,0.0,0.0,-1.0,-1.0,,0.0,0.0,1.0,0.0,0,,,
231,210153,1.0,0.0,0.0,0.0,0.0,1.0,-1.0,-1.0,,0.0,1.0,0.0,0.0,0,,,
232,210107,1.0,0.0,0.0,0.0,0.0,1.0,-1.0,-1.0,,0.0,1.0,0.0,0.0,0,,,
233,210105,1.0,0.0,0.0,0.0,0.0,1.0,-1.0,-1.0,,0.0,0.0,1.0,1.0,2,,,
234,210102,1.0,0.0,0.0,0.0,0.0,1.0,-1.0,-1.0,,0.0,0.0,1.0,0.0,0,,,
235,210139,1.0,0.0,0.0,0.0,0.0,1.0,-1.0,-1.0,,0.0,1.0,0.0,0.0,0,,,
236,200103,1.0,0.0,0.0,0.0,0.0,1.0,-1.0,-1.0,,0.0,0.0,1.0,0.0,0,,,
237,200154,1.0,0.0,0.0,0.0,0.0,1.0,-1.0,-1.0,,0.0,0.0,1.0,0.0,0,,,
238,200153,1.0,0.0,0.0,0.0,0.0,1.0,-1.0,-1.0,,0.0,0.0,1.0,0.0,0,,,
239,200104,1.0,0.0,0.0,0.0,0.0,1.0,-1.0,-1.0,,0.0,0.0,1.0,0.0,0,,,
240,200105,1.0,0.0,0.0,0.0,0.0,1.0,-1.0,-1.0,,0.0,1.0,0.0,0.0,0,,,
241,201139,1.0,0.0,0.0,0.0,0.0,1.0,-1.0,-1.0,,0.0,0.0,1.0,0.0,0,,,
242,201143,1.0,0.0,0.0,0.0,0.0,1.0,-1.0,-1.0,,0.0,0.0,1.0,0.0,0,,,
243,201137,1.0,0.0,0.0,0.0,0.0,1.0,-1.0,-1.0,,0.0,1.0,0.0,0.0,0,,,
244,200155,1.0,0.0,0.0,0.0,0.0,1.0,-1.0,-1.0,,0.0,1.0,0.0,0.0,0,,,
245,200114,1.0,0.0,0.0,0.0,0.0,1.0,-1.0,-1.0,,0.0,0.0,1.0,0.0,0,,,
246,201166,1.0,0.0,0.0,0.0,0.0,1.0,-1.0,-1.0,,0.0,0.0,1.0,0.0,0,,,
247,200118,1.0,0.0,0.0,0.0,0.0,1.0,-1.0,-1.0,,0.0,0.0,1.0,0.0,0,,,
248,200108,1.0,0.0,0.0,0.0,0.0,1.0,-1.0,-1.0,,0.0,0.0,1.0,0.0,0,,,
249,200116,1.0,0.0,0.0,0.0,0.0,1.0,-1.0,-1.0,,0.0,0.0,1.0,0.0,0,,,
250,200144,0.0,0.0,0.0,0.0,1.0,1.0,-1.0,-1.0,,0.0,0.0,1.0,0.0,0,,1.0,1.0
251,20014,0.0,0.0,0.0,0.0,1.0,1.0,-1.0,-1.0,,0.0,0.0,1.0,0.0,0,,1.0,1.0
252,200141,0.0,0.0,0.0,0.0,1.0,1.0,-1.0,-1.0,,0.0,0.0,1.0,0.0,0,,1.0,1.0
253,200145,0.0,0.0,0.0,0.0,1.0,1.0,-1.0,-1.0,,0.0,0.0,1.0,0.0,0,,1.0,1.0
254,200143,0.0,0.0,0.0,0.0,1.0,1.0,-1.0,-1.0,,0.0,0.0,1.0,0.0,0,,1.0,1.0
255,200140,0.0,0.0,0.0,0.0,1.0,1.0,1.0,1.0,,1.0,0.0,1.0,1.0,More studies,,1.0,1.0
256,200140,0.0,0.0,0.0,0.0,1.0,1.0,-1.0,-1.0,,0.0,0.0,1.0,0.0,0,,1.0,1.0
257,201161,0.0,0.0,1.0,0.0,0.0,1.0,-1.0,-1.0,,0.0,0.0,1.0,0.0,0,,,
258,201122,0.0,0.0,1.0,0.0,0.0,1.0,-1.0,-1.0,,0.0,0.0,1.0,0.0,0,,,
259,201123,0.0,0.0,1.0,0.0,0.0,1.0,-1.0,-1.0,,0.0,0.0,1.0,0.0,0,,,
260,200151,0.0,1.0,0.0,0.0,0.0,1.0,-1.0,-1.0,,0.0,0.0,1.0,0.0,0,,,
261,200152,0.0,1.0,0.0,0.0,0.0,1.0,-1.0,-1.0,,0.0,0.0,1.0,0.0,0,,,
262,201124,1.0,0.0,0.0,0.0,0.0,1.0,-1.0,-1.0,,0.0,0.0,1.0,0.0,0,,,
263,200139,0.0,0.0,0.0,1.0,0.0,1.0,-1.0,-1.0,0.0,0.0,0.0,1.0,0.0,0,,,
264,200148,0.0,0.0,0.0,0.0,1.0,1.0,-1.0,-1.0,,0.0,0.0,1.0,0.0,0,,1.0,1.0
265,200109,1.0,0.0,0.0,0.0,0.0,1.0,-1.0,-1.0,,0.0,0.0,1.0,0.0,0,,,
266,200129,1.0,0.0,0.0,0.0,0.0,1.0,-1.0,-1.0,,0.0,1.0,0.0,0.0,0,,,
267,200154,1.0,0.0,0.0,0.0,0.0,1.0,-1.0,-1.0,,0.0,0.0,1.0,0.0,0,,,
268,201145,1.0,0.0,0.0,0.0,0.0,1.0,-1.0,-1.0,,0.0,0.0,1.0,0.0,0,,,
269,201137,1.0,0.0,0.0,0.0,0.0,1.0,-1.0,-1.0,,0.0,0.0,1.0,0.0,0,,,
270,200122,1.0,0.0,0.0,0.0,0.0,1.0,-1.0,-1.0,,0.0,0.0,1.0,0.0,0,,,
271,201178,1.0,0.0,0.0,0.0,0.0,1.0,-1.0,-1.0,,0.0,0.0,1.0,0.0,0,,,
272,200117,1.0,0.0,0.0,0.0,0.0,1.0,-1.0,-1.0,,0.0,0.0,1.0,0.0,0,,,
273,200135,1.0,0.0,0.0,0.0,0.0,1.0,-1.0,-1.0,,0.0,0.0,1.0,1.0,2,,,
274,200120,1.0,0.0,0.0,0.0,0.0,1.0,-1.0,-1.0,,0.0,0.0,1.0,0.0,0,,,
275,200127,1.0,0.0,0.0,0.0,0.0,1.0,-1.0,-1.0,,0.0,0.0,1.0,0.0,0,,,
276,200109,1.0,0.0,0.0,0.0,0.0,1.0,-1.0,-1.0,,0.0,0.0,1.0,0.0,0,,,
277,232169,1.0,0.0,0.0,0.0,0.0,1.0,-1.0,-1.0,,1.0,1.0,0.0,0.0,0,,,
278,232102,1.0,0.0,0.0,0.0,0.0,1.0,-1.0,-1.0,,1.0,0.0,1.0,0.0,0,,,
279,23214,0.0,0.0,0.0,0.0,1.0,1.0,-1.0,-1.0,,1.0,0.0,1.0,0.0,0,,1.0,1.0
280,232110,0.0,0.0,0.0,1.0,0.0,1.0,-1.0,-1.0,,1.0,0.0,1.0,0.0,0,,,
281,232109,1.0,0.0,0.0,0.0,0.0,1.0,-1.0,-1.0,,1.0,0.0,1.0,0.0,0,,,
282,23210,1.0,0.0,0.0,0.0,0.0,1.0,-1.0,-1.0,,1.0,1.0,0.0,0.0,0,,,
283,23210,1.0,0.0,0.0,0.0,0.0,1.0,-1.0,-1.0,,1.0,0.0,1.0,0.0,0,,,
284,242105,1.0,0.0,0.0,0.0,0.0,1.0,-1.0,-1.0,,1.0,0.0,1.0,0.0,0,,,
285,232103,1.0,0.0,0.0,0.0,0.0,1.0,-1.0,-1.0,,1.0,1.0,0.0,0.0,0,,,
286,232118,1.0,0.0,0.0,0.0,0.0,1.0,-1.0,-1.0,,1.0,0.0,1.0,1.0,1,,,
287,232115,1.0,0.0,0.0,0.0,0.0,1.0,-1.0,-1.0,,1.0,0.0,1.0,0.0,0,,,
288,224595,1.0,0.0,0.0,0.0,0.0,1.0,-1.0,-1.0,,1.0,1.0,0.0,0.0,0,,,
289,224592,0.0,1.0,0.0,0.0,0.0,1.0,-1.0,-1.0,,1.0,0.0,1.0,0.0,0,,,
290,224587,1.0,0.0,0.0,0.0,0.0,1.0,-1.0,-1.0,,1.0,0.0,1.0,0.0,0,,,
291,224631,1.0,0.0,0.0,0.0,0.0,1.0,-1.0,-1.0,,1.0,0.0,1.0,1.0,1,,,
292,224681,0.0,1.0,0.0,0.0,0.0,1.0,-1.0,-1.0,,1.0,1.0,0.0,0.0,0,,,
293,224766,1.0,0.0,0.0,0.0,0.0,1.0,-1.0,-1.0,,1.0,0.0,1.0,0.0,0,,,
294,224761,0.0,1.0,0.0,0.0,0.0,1.0,-1.0,-1.0,,1.0,0.0,1.0,0.0,0,,,
295,224570,1.0,0.0,0.0,0.0,0.0,1.0,-1.0,-1.0,,1.0,0.0,1.0,0.0,0,,,
296,224577,1.0,0.0,0.0,0.0,0.0,1.0,-1.0,-1.0,,1.0,0.0,1.0,0.0,0,,,
297,224866,0.0,1.0,0.0,0.0,0.0,1.0,-1.0,-1.0,,1.0,0.0,1.0,1.0,2,,,
298,224663,0.0,1.0,0.0,0.0,0.0,1.0,-1.0,-1.0,,1.0,0.0,1.0,1.0,2,,,
299,224633,1.0,0.0,0.0,0.0,0.0,1.0,-1.0,-1.0,,1.0,0.0,1.0,0.0,0,,,
300,224797,1.0,0.0,0.0,0.0,0.0,1.0,-1.0,-1.0,,1.0,0.0,1.0,0.0,0,,,
301,224572,0.0,1.0,0.0,0.0,0.0,1.0,-1.0,-1.0,,1.0,0.0,1.0,0.0,0,,,
302,224572,1.0,0.0,0.0,0.0,0.0,1.0,-1.0,-1.0,,1.0,0.0,1.0,0.0,0,,,
303,224606,0.0,1.0,0.0,0.0,0.0,1.0,-1.0,-1.0,,1.0,1.0,0.0,1.0,2,,,
304,224732,0.0,0.0,1.0,0.0,0.0,1.0,-1.0,-1.0,,1.0,0.0,1.0,0.0,0,0.0,,
305,224702,1.0,0.0,0.0,0.0,0.0,1.0,-1.0,-1.0,,1.0,0.0,1.0,0.0,0,,,
306,224629,0.0,1.0,0.0,0.0,0.0,1.0,-1.0,-1.0,,1.0,1.0,0.0,0.0,0,,,
307,224658,0.0,0.0,1.0,0.0,0.0,1.0,-1.0,-1.0,,1.0,0.0,1.0,0.0,0,,,
308,224598,0.0,0.0,0.0,1.0,0.0,1.0,-1.0,-1.0,,1.0,1.0,0.0,0.0,0,,,
309,224805,0.0,1.0,0.0,0.0,0.0,1.0,-1.0,-1.0,,1.0,0.0,1.0,0.0,0,,,
310,224567,1.0,0.0,0.0,0.0,0.0,1.0,-1.0,-1.0,,1.0,1.0,0.0,0.0,0,,,
311,224841,1.0,0.0,0.0,0.0,0.0,1.0,-1.0,-1.0,,1.0,1.0,0.0,0.0,0,,,
312,224643,1.0,0.0,0.0,0.0,0.0,1.0,-1.0,-1.0,,1.0,1.0,0.0,0.0,0,,,
313,224613,1.0,0.0,0.0,0.0,0.0,1.0,-1.0,-1.0,,1.0,1.0,0.0,0.0,0,,,
314,224578,1.0,0.0,0.0,0.0,0.0,1.0,-1.0,-1.0,,1.0,0.0,1.0,0.0,0,,,
315,224622,0.0,0.0,0.0,0.0,1.0,1.0,-1.0,-1.0,,1.0,1.0,0.0,1.0,0,,1.0,1.0
316,22461,1.0,0.0,0.0,0.0,0.0,1.0,-1.0,-1.0,,1.0,0.0,1.0,1.0,1,,,
317,224616,1.0,0.0,0.0,0.0,0.0,1.0,-1.0,-1.0,,1.0,0.0,1.0,1.0,2,,,
318,224782,0.0,1.0,0.0,0.0,0.0,1.0,-1.0,-1.0,,1.0,1.0,0.0,0.0,2,,,
319,224772,0.0,1.0,0.0,0.0,0.0,1.0,-1.0,-1.0,,1.0,1.0,0.0,0.0,0,,,
320,224773,0.0,1.0,0.0,0.0,0.0,1.0,-1.0,-1.0,,1.0,0.0,1.0,1.0,1,,,
321,22460,1.0,0.0,0.0,0.0,0.0,1.0,-1.0,-1.0,,1.0,0.0,1.0,0.0,0,,,
322,224740,0.0,0.0,0.0,0.0,1.0,1.0,-1.0,-1.0,,1.0,0.0,1.0,0.0,0,,1.0,1.0
323,224742,0.0,0.0,0.0,0.0,1.0,1.0,-1.0,-1.0,,1.0,0.0,1.0,0.0,0,,1.0,1.0
324,242319,0.0,1.0,0.0,0.0,0.0,1.0,-1.0,-1.0,,1.0,0.0,1.0,0.0,0,,,
325,242190,1.0,0.0,0.0,0.0,0.0,1.0,-1.0,-1.0,,1.0,0.0,1.0,0.0,0,,,
326,242180,1.0,0.0,0.0,0.0,0.0,1.0,-1.0,-1.0,,1.0,1.0,0.0,0.0,0,,,
327,242109,1.0,0.0,0.0,0.0,0.0,1.0,-1.0,-1.0,,1.0,0.0,1.0,1.0,1,,,
328,242123,1.0,0.0,0.0,0.0,0.0,1.0,-1.0,-1.0,,1.0,1.0,0.0,0.0,0,,,
329,242122,1.0,0.0,0.0,0.0,0.0,1.0,-1.0,-1.0,,1.0,1.0,0.0,0.0,0,,,
330,242124,1.0,0.0,0.0,0.0,0.0,1.0,-1.0,-1.0,,1.0,1.0,0.0,0.0,0,,,
331,242162,1.0,0.0,0.0,0.0,0.0,1.0,-1.0,-1.0,,1.0,1.0,0.0,0.0,0,,,
332,242321,0.0,1.0,0.0,0.0,0.0,1.0,-1.0,1.0,,1.0,1.0,0.0,0.0,0,,,
333,242154,0.0,0.0,1.0,0.0,0.0,1.0,-1.0,-1.0,,1.0,1.0,0.0,0.0,0,,,
334,242255,0.0,0.0,0.0,0.0,1.0,1.0,-1.0,-1.0,,1.0,0.0,1.0,0.0,0,,1.0,1.0
335,242290,0.0,1.0,0.0,0.0,0.0,1.0,-1.0,-1.0,,1.0,1.0,0.0,0.0,0,,,
336,242316,1.0,0.0,0.0,0.0,0.0,1.0,-1.0,-1.0,,1.0,1.0,0.0,0.0,0,,,
337,242331,0.0,1.0,0.0,0.0,0.0,1.0,-1.0,-1.0,,1.0,0.0,1.0,0.0,0,,,
338,252154,0.0,1.0,0.0,0.0,0.0,1.0,-1.0,-1.0,,0.0,0.0,1.0,0.0,0,,,
339,252101,0.0,1.0,0.0,0.0,0.0,1.0,-1.0,-1.0,,0.0,1.0,0.0,0.0,0,,,
340,252203,0.0,0.0,0.0,1.0,0.0,1.0,-1.0,-1.0,,0.0,1.0,0.0,0.0,0,,,
341,252180,0.0,0.0,0.0,1.0,0.0,1.0,-1.0,-1.0,,0.0,1.0,0.0,0.0,0,,,
342,252168,0.0,1.0,0.0,0.0,0.0,1.0,-1.0,-1.0,,0.0,0.0,1.0,0.0,0,,,
343,252117,1.0,0.0,0.0,0.0,0.0,1.0,-1.0,-1.0,,0.0,1.0,0.0,0.0,0,,,
344,25221,1.0,0.0,0.0,0.0,0.0,1.0,-1.0,-1.0,,0.0,1.0,0.0,0.0,0,,,
345,252103,1.0,0.0,0.0,0.0,0.0,1.0,-1.0,-1.0,,0.0,0.0,1.0,0.0,0,,,
346,252103,1.0,0.0,0.0,0.0,0.0,1.0,-1.0,-1.0,,0.0,0.0,1.0,0.0,0,,,
347,252217,1.0,0.0,0.0,0.0,0.0,1.0,-1.0,-1.0,,0.0,1.0,0.0,0.0,0,,,
348,252120,0.0,0.0,1.0,0.0,0.0,1.0,-1.0,-1.0,,0.0,1.0,0.0,0.0,0,,,
349,252193,0.0,0.0,1.0,0.0,0.0,1.0,-1.0,-1.0,,0.0,1.0,0.0,0.0,0,,,
350,252177,1.0,0.0,0.0,0.0,0.0,1.0,-1.0,-1.0,,0.0,1.0,0.0,0.0,0,,,
351,252163,1.0,0.0,0.0,0.0,0.0,1.0,-1.0,-1.0,,0.0,0.0,1.0,0.0,0,,,
352,252105,1.0,0.0,0.0,0.0,0.0,1.0,-1.0,-1.0,,0.0,1.0,0.0,0.0,0,,,
353,252144,1.0,0.0,0.0,0.0,0.0,1.0,-1.0,-1.0,,0.0,0.0,1.0,0.0,0,,,
354,252110,1.0,0.0,0.0,0.0,0.0,1.0,-1.0,-1.0,,0.0,0.0,1.0,0.0,0,,,
355,252166,1.0,0.0,0.0,0.0,0.0,1.0,-1.0,-1.0,,0.0,1.0,0.0,0.0,0,,,
356,252133,1.0,0.0,0.0,0.0,0.0,1.0,-1.0,-1.0,,0.0,1.0,0.0,0.0,0,,,
357,252124,1.0,0.0,0.0,0.0,0.0,1.0,-1.0,-1.0,,0.0,0.0,1.0,0.0,0,,,
358,252173,1.0,0.0,0.0,0.0,0.0,1.0,-1.0,-1.0,,0.0,0.0,1.0,0.0,0,,,
359,252109,1.0,0.0,0.0,0.0,0.0,1.0,-1.0,-1.0,,0.0,1.0,0.0,0.0,0,,,
360,252139,1.0,0.0,0.0,0.0,0.0,1.0,-1.0,-1.0,,0.0,1.0,0.0,0.0,0,,,
361,252206,0.0,0.0,1.0,0.0,0.0,1.0,-1.0,-1.0,,0.0,0.0,1.0,0.0,0,,,
362,25216,1.0,0.0,0.0,0.0,0.0,1.0,-1.0,-1.0,,0.0,1.0,0.0,0.0,0,,,
363,252115,1.0,0.0,0.0,0.0,0.0,1.0,-1.0,-1.0,,0.0,0.0,1.0,0.0,0,,,
364,252197,0.0,0.0,0.0,0.0,1.0,1.0,-1.0,-1.0,,0.0,0.0,1.0,0.0,0,,1.0,1.0
365,252171,1.0,0.0,0.0,0.0,0.0,1.0,0.0,0.0,,0.0,1.0,0.0,0.0,0,,,
366,252144,0.0,1.0,0.0,0.0,0.0,1.0,0.0,0.0,,0.0,1.0,0.0,0.0,0,,,
367,252165,1.0,0.0,0.0,0.0,0.0,1.0,-1.0,-1.0,,0.0,1.0,0.0,0.0,0,,,
368,252162,1.0,0.0,0.0,0.0,0.0,1.0,0.0,0.0,,0.0,1.0,0.0,0.0,0,,,
369,190121,0.0,1.0,0.0,0.0,0.0,1.0,0.0,0.0,,0.0,0.0,1.0,1.0,0,,,
370,190225,0.0,1.0,0.0,0.0,0.0,0.0,0.0,0.0,,0.0,1.0,0.0,0.0,0,,,
371,190112,1.0,0.0,0.0,0.0,0.0,1.0,0.0,0.0,,0.0,0.0,1.0,0.0,0,,,
372,190100,1.0,0.0,0.0,0.0,0.0,1.0,0.0,0.0,,0.0,1.0,0.0,0.0,0,,,
373,19011,0.0,1.0,0.0,0.0,0.0,1.0,0.0,-1.0,,0.0,0.0,1.0,0.0,0,,,
374,19016,0.0,0.0,1.0,0.0,0.0,1.0,-1.0,-1.0,,0.0,0.0,1.0,0.0,0,,,
375,190108,1.0,0.0,0.0,0.0,0.0,1.0,-1.0,-1.0,,0.0,0.0,1.0,0.0,0,,,
376,190110,1.0,0.0,0.0,0.0,0.0,1.0,-1.0,-1.0,,0.0,1.0,0.0,0.0,0,,,
377,190101,1.0,0.0,0.0,0.0,0.0,1.0,-1.0,-1.0,,0.0,0.0,1.0,0.0,0,,,
378,190145,0.0,0.0,0.0,1.0,0.0,1.0,-1.0,-1.0,,0.0,1.0,0.0,0.0,0,,,
379,190146,0.0,0.0,0.0,1.0,0.0,1.0,-1.0,-1.0,,0.0,0.0,1.0,0.0,0,,,
380,190104,0.0,1.0,0.0,0.0,0.0,1.0,-1.0,-1.0,,0.0,0.0,1.0,0.0,0,,,
381,190103,0.0,1.0,0.0,0.0,0.0,1.0,-1.0,-1.0,,0.0,0.0,1.0,0.0,0,,,
382,190249,0.0,0.0,0.0,1.0,0.0,1.0,-1.0,-1.0,,0.0,0.0,1.0,1.0,2,,,
383,190218,0.0,0.0,1.0,0.0,0.0,1.0,-1.0,-1.0,,0.0,0.0,1.0,0.0,0,,,
384,190215,0.0,0.0,1.0,0.0,0.0,1.0,-1.0,-1.0,,0.0,0.0,1.0,0.0,0,,,
385,190220,0.0,0.0,1.0,0.0,0.0,1.0,-1.0,-1.0,,0.0,1.0,0.0,0.0,0,,,
386,19026,0.0,0.0,0.0,0.0,1.0,1.0,-1.0,-1.0,,0.0,0.0,1.0,0.0,0,,1.0,1.0
387,190232,0.0,0.0,0.0,0.0,1.0,1.0,-1.0,-1.0,,0.0,0.0,1.0,0.0,0,,1.0,1.0
388,190234,0.0,0.0,0.0,0.0,1.0,1.0,-1.0,-1.0,,0.0,0.0,1.0,0.0,0,,1.0,1.0
389,190236,0.0,0.0,0.0,0.0,1.0,1.0,-1.0,-1.0,,0.0,0.0,1.0,0.0,0,,1.0,1.0
390,19023,0.0,0.0,0.0,0.0,1.0,1.0,-1.0,-1.0,,0.0,0.0,1.0,0.0,0,,1.0,1.0
391,190233,0.0,0.0,0.0,0.0,1.0,1.0,-1.0,-1.0,,0.0,0.0,1.0,0.0,0,,1.0,1.0
392,190346,0.0,0.0,0.0,0.0,1.0,1.0,-1.0,-1.0,,0.0,0.0,1.0,0.0,0,,1.0,1.0
393,190345,0.0,0.0,0.0,0.0,1.0,1.0,-1.0,-1.0,,0.0,0.0,1.0,0.0,0,,1.0,1.0
394,521042,1.0,0.0,0.0,0.0,0.0,1.0,-1.0,-1.0,,0.0,1.0,0.0,0.0,,,,
395,521092,1.0,0.0,0.0,0.0,0.0,1.0,,,,0.0,1.0,0.0,0.0,,,,
396,521060,1.0,0.0,0.0,0.0,0.0,1.0,-1.0,,,1.0,0.0,1.0,0.0,,,,
397,521183,1.0,0.0,0.0,0.0,0.0,1.0,-1.0,-1.0,,0.0,1.0,0.0,0.0,,,,
398,521130,1.0,0.0,0.0,0.0,0.0,1.0,-1.0,-1.0,,1.0,1.0,0.0,-1.0,1,0.0,,
399,521146,1.0,0.0,0.0,0.0,0.0,1.0,-1.0,-1.0,,1.0,1.0,0.0,0.0,,0.0,,
400,521162,0.0,0.0,0.0,1.0,0.0,1.0,-1.0,-1.0,,0.0,1.0,0.0,0.0,,,,1.0
401,521205,1.0,0.0,0.0,0.0,0.0,1.0,-1.0,-1.0,,0.0,0.0,1.0,1.0,1,,,1.0
402,521268,0.0,1.0,0.0,0.0,0.0,1.0,-1.0,-1.0,,1.0,0.0,1.0,0.0,,0.0,,
403,521286,0.0,0.0,1.0,0.0,0.0,1.0,-1.0,-1.0,,0.0,0.0,1.0,0.0,,,,
404,521234,0.0,0.0,1.0,0.0,0.0,0.0,-1.0,-1.0,,1.0,0.0,1.0,0.0,,,,
405,521124,0.0,0.0,1.0,0.0,0.0,1.0,0.0,-1.0,,0.0,1.0,0.0,0.0,,,,
406,521230,0.0,0.0,1.0,0.0,0.0,1.0,-1.0,-1.0,0.0,0.0,1.0,0.0,0.0,,,,
407,530321,0.0,0.0,1.0,0.0,0.0,1.0,-1.0,-1.0,,0.0,1.0,0.0,0.0,,,,
408,530186,1.0,0.0,0.0,0.0,0.0,1.0,-1.0,-1.0,,0.0,1.0,0.0,1.0,1,,,
409,530186,1.0,0.0,0.0,0.0,0.0,1.0,-1.0,-1.0,,0.0,1.0,0.0,-1.0,none,,,
410,530012,1.0,0.0,0.0,0.0,0.0,1.0,-1.0,-1.0,,0.0,0.0,1.0,0.0,,,,
411,530005,1.0,0.0,0.0,0.0,0.0,1.0,-1.0,-1.0,,0.0,1.0,0.0,0.0,,,,
412,530098,1.0,0.0,0.0,0.0,0.0,1.0,-1.0,-1.0,0.0,0.0,0.0,1.0,0.0,,0.0,,
413,530125,0.0,0.0,1.0,0.0,0.0,1.0,-1.0,-1.0,0.0,0.0,1.0,0.0,0.0,,0.0,,
414,530131,0.0,0.0,0.0,1.0,0.0,1.0,-1.0,-1.0,0.0,0.0,0.0,1.0,0.0,,,,
415,53023,0.0,0.0,0.0,0.0,1.0,1.0,-1.0,-1.0,0.0,-1.0,1.0,0.0,0.0,,,0.0,0.0
416,530303,0.0,0.0,1.0,0.0,0.0,1.0,-1.0,-1.0,0.0,0.0,1.0,0.0,0.0,,,,
417,530170,0.0,0.0,1.0,0.0,0.0,1.0,-1.0,-1.0,0.0,0.0,1.0,0.0,0.0,,,,
418,530082,0.0,0.0,1.0,0.0,0.0,1.0,-1.0,-1.0,0.0,0.0,1.0,0.0,0.0,,,,
419,530120,0.0,0.0,1.0,0.0,0.0,1.0,-1.0,-1.0,0.0,0.0,0.0,1.0,0.0,,,,
420,530314,0.0,0.0,1.0,0.0,0.0,1.0,-1.0,-1.0,0.0,0.0,1.0,0.0,0.0,,,,
421,530190,0.0,0.0,1.0,0.0,0.0,1.0,-1.0,-1.0,0.0,0.0,1.0,0.0,0.0,,,,
422,530325,1.0,0.0,0.0,0.0,0.0,1.0,-1.0,-1.0,,0.0,1.0,0.0,0.0,,,,
423,53413,1.0,0.0,0.0,0.0,0.0,1.0,-1.0,-1.0,,0.0,0.0,1.0,0.0,,,,
424,530253,0.0,0.0,1.0,0.0,0.0,1.0,-1.0,-1.0,,0.0,0.0,1.0,0.0,,0.0,,
425,530149,0.0,0.0,1.0,0.0,0.0,1.0,-1.0,-1.0,,0.0,0.0,1.0,0.0,,,,
426,53252,0.0,0.0,1.0,0.0,0.0,1.0,-1.0,-1.0,,0.0,1.0,0.0,0.0,,,,
427,530193,0.0,0.0,1.0,0.0,0.0,1.0,-1.0,-1.0,,-1.0,0.0,1.0,0.0,,,,
428,550030,0.0,0.0,1.0,0.0,0.0,1.0,-1.0,-1.0,,0.0,0.0,1.0,0.0,,0.0,,
429,550166,0.0,0.0,1.0,0.0,0.0,1.0,-1.0,-1.0,0.0,0.0,1.0,0.0,0.0,,0.0,,
430,550042,0.0,0.0,1.0,0.0,0.0,1.0,-1.0,0.0,0.0,0.0,1.0,0.0,0.0,,0.0,,
431,550046,0.0,0.0,1.0,0.0,0.0,1.0,-1.0,-1.0,0.0,0.0,1.0,0.0,0.0,,0.0,,
432,550094,0.0,1.0,0.0,0.0,0.0,1.0,-1.0,-1.0,,0.0,1.0,0.0,0.0,,,,
433,540160,1.0,0.0,0.0,0.0,0.0,1.0,-1.0,-1.0,,0.0,1.0,0.0,0.0,,,,
434,540199,0.0,0.0,1.0,0.0,0.0,1.0,-1.0,-1.0,0.0,0.0,1.0,0.0,0.0,,0.0,,
435,540014,0.0,0.0,1.0,0.0,0.0,1.0,-1.0,-1.0,0.0,0.0,1.0,0.0,0.0,,0.0,,
436,540095,0.0,0.0,1.0,0.0,0.0,1.0,-1.0,-1.0,0.0,0.0,1.0,0.0,0.0,,0.0,,
437,540183,0.0,0.0,1.0,0.0,0.0,1.0,-1.0,-1.0,0.0,0.0,1.0,0.0,0.0,,0.0,,
438,560085,0.0,0.0,0.0,0.0,1.0,1.0,-1.0,-1.0,0.0,0.0,1.0,0.0,0.0,,,1.0,1.0
439,560003,0.0,0.0,1.0,0.0,0.0,1.0,-1.0,-1.0,,0.0,0.0,1.0,0.0,,0.0,,
440,570141,0.0,0.0,0.0,1.0,0.0,1.0,-1.0,-1.0,0.0,0.0,1.0,0.0,0.0,,,,
441,570042,0.0,0.0,1.0,0.0,0.0,1.0,-1.0,-1.0,,,1.0,0.0,0.0,,0.0,,
442,570136,0.0,0.0,0.0,0.0,1.0,1.0,-1.0,-1.0,0.0,0.0,1.0,0.0,0.0,,,0.0,0.0
443,570116,0.0,0.0,1.0,0.0,0.0,1.0,-1.0,-1.0,0.0,0.0,1.0,0.0,0.0,,0.0,,
444,570110,0.0,0.0,1.0,0.0,0.0,1.0,-1.0,-1.0,0.0,0.0,1.0,0.0,0.0,,0.0,,
445,570068,0.0,0.0,1.0,0.0,0.0,1.0,-1.0,-1.0,0.0,0.0,1.0,0.0,0.0,,0.0,,
446,570043,0.0,0.0,1.0,0.0,0.0,1.0,-1.0,-1.0,0.0,0.0,1.0,0.0,0.0,,0.0,,
447,560205,0.0,0.0,1.0,0.0,0.0,1.0,0.0,-1.0,0.0,0.0,1.0,0.0,0.0,,,,
448,560219,0.0,0.0,1.0,0.0,0.0,1.0,-1.0,-1.0,0.0,0.0,1.0,0.0,0.0,,,,
449,560217,0.0,0.0,1.0,0.0,0.0,1.0,-1.0,-1.0,0.0,0.0,1.0,0.0,0.0,,0.0,,
450,560136,0.0,0.0,1.0,0.0,0.0,1.0,-1.0,-1.0,0.0,0.0,1.0,0.0,0.0,,,,
451,501125,1.0,0.0,0.0,0.0,0.0,1.0,-1.0,-1.0,,0.0,0.0,1.0,0.0,,,,
452,501127,1.0,0.0,0.0,0.0,0.0,1.0,-1.0,-1.0,,1.0,0.0,1.0,0.0,,0.0,,
453,501131,1.0,0.0,0.0,0.0,0.0,0.0,-1.0,-1.0,,0.0,1.0,0.0,0.0,,,,
454,501157,1.0,0.0,0.0,0.0,0.0,1.0,-1.0,-1.0,0.0,0.0,0.0,1.0,0.0,,0.0,,
455,501158,1.0,0.0,0.0,0.0,0.0,1.0,-1.0,-1.0,,1.0,0.0,1.0,0.0,,,,
456,501162,1.0,0.0,0.0,0.0,0.0,1.0,-1.0,-1.0,0.0,0.0,0.0,1.0,1.0,1,,,
457,501165,0.0,0.0,1.0,0.0,0.0,1.0,-1.0,-1.0,0.0,0.0,0.0,1.0,0.0,,0.0,,
458,501169,0.0,0.0,1.0,0.0,0.0,1.0,-1.0,-1.0,0.0,0.0,1.0,0.0,0.0,,0.0,,
459,502403,0.0,1.0,0.0,0.0,0.0,1.0,-1.0,-1.0,0.0,1.0,1.0,0.0,0.0,,0.0,,
460,501120,0.0,1.0,0.0,0.0,0.0,1.0,-1.0,-1.0,0.0,0.0,1.0,0.0,,,,0.0,1.0
461,501163,0.0,1.0,0.0,0.0,0.0,1.0,-1.0,-1.0,0.0,0.0,1.0,0.0,,,,0.0,1.0
462,503000,0.0,0.0,0.0,1.0,0.0,1.0,-1.0,-1.0,0.0,0.0,1.0,0.0,0.0,,,,
463,502508,0.0,0.0,1.0,0.0,0.0,1.0,0.0,0.0,0.0,0.0,1.0,0.0,0.0,,,,
464,501200,0.0,0.0,1.0,0.0,0.0,1.0,0.0,0.0,0.0,0.0,1.0,0.0,0.0,,,,
465,501123,1.0,0.0,0.0,0.0,0.0,1.0,0.0,0.0,,0.0,1.0,0.0,0.0,,,,
466,501217,1.0,0.0,0.0,0.0,0.0,1.0,0.0,0.0,,0.0,1.0,0.0,0.0,,,,
467,502525,1.0,0.0,0.0,0.0,0.0,1.0,0.0,0.0,0.0,0.0,1.0,0.0,0.0,,0.0,,
468,503336,1.0,0.0,0.0,0.0,0.0,1.0,0.0,0.0,0.0,0.0,1.0,0.0,0.0,,,,
469,503356,1.0,0.0,0.0,0.0,0.0,1.0,0.0,0.0,0.0,0.0,1.0,0.0,0.0,,0.0,,
