,renewvia_id,workforce_change_female,appliances_addition_count,health_offering_change_count,operation_status,kerosene_usage_change,diesel_usage_change,operations_hours_change,clean_drinking_water_access,workforce_change,school_attendance_change,school_performance,connection_period,connection_period_non_original_subscriber,business_hours_increase
0,131206,,4,2,,-1.0,-1.0,1.0,1.0,0.0,0.0,0.0,4.0,,1.0
1,131231,,5,2,,-1.0,-1.0,1.0,1.0,1.0,0.0,0.0,4.0,,1.0
2,131542,,2,2,,-1.0,-1.0,1.0,1.0,0.0,0.0,0.0,4.0,,1.0
3,131220,,6,2,,1.0,1.0,1.0,1.0,1.0,0.0,0.0,4.0,,2.0
4,131485,,2,2,,-1.0,-1.0,1.0,1.0,0.0,0.0,0.0,4.0,,1.0
5,131107,,5,2,,-1.0,-1.0,1.0,1.0,0.0,0.0,0.0,4.0,,1.0
6,131111,,4,2,,-1.0,-1.0,1.0,1.0,1.0,0.0,0.0,4.0,,1.0
7,131214,,5,2,,-1.0,-1.0,1.0,0.0,0.0,0.0,0.0,4.0,,1.0
8,131199,0,3,2,,-1.0,-1.0,1.0,0.0,0.0,0.0,0.0,3.0,,1.0
9,132296,0,6,2,1.0,-1.0,-1.0,1.0,0.0,0.0,0.0,0.0,4.0,,1.0
10,131455,10,7,2,1.0,-1.0,-1.0,1.0,0.0,1.0,0.0,0.0,4.0,,2.0
11,131295,0,2,2,1.0,-1.0,-1.0,1.0,0.0,0.0,0.0,0.0,4.0,,1.0
12,131225,,4,2,1.0,-1.0,-1.0,1.0,0.0,0.0,0.0,0.0,3.0,,1.0
13,131101,,4,2,1.0,-1.0,-1.0,1.0,0.0,0.0,0.0,0.0,4.0,,1.0
14,311102,0,3,2,1.0,-1.0,-1.0,1.0,0.0,0.0,0.0,0.0,4.0,,1.0
15,131670,,5,2,1.0,-1.0,-1.0,1.0,0.0,0.0,0.0,0.0,4.0,,1.0
16,131515,,2,2,1.0,-1.0,-1.0,1.0,0.0,0.0,0.0,0.0,4.0,5.0,1.0
17,131209,0,3,2,1.0,-1.0,-1.0,1.0,0.0,0.0,0.0,0.0,4.0,5.0,1.0
18,131297,0,3,2,1.0,-1.0,-1.0,1.0,0.0,0.0,0.0,0.0,4.0,5.0,1.0
19,131221,0,2,2,1.0,-1.0,-1.0,1.0,0.0,0.0,0.0,0.0,4.0,5.0,1.0
20,131223,30,4,2,1.0,-1.0,-1.0,1.0,0.0,1.0,0.0,0.0,4.0,3.0,2.0
21,131175,0,4,2,1.0,-1.0,-1.0,1.0,0.0,0.0,0.0,0.0,4.0,5.0,1.0
22,131503,10,2,2,1.0,-1.0,-1.0,1.0,0.0,1.0,0.0,0.0,4.0,5.0,1.0
23,131181,0,3,2,1.0,-1.0,-1.0,1.0,0.0,0.0,0.0,0.0,4.0,5.0,1.0
24,131213,0,5,2,1.0,-1.0,-1.0,1.0,0.0,1.0,0.0,0.0,4.0,5.0,1.0
25,131159,0,6,4,1.0,-1.0,-1.0,1.0,0.0,0.0,0.0,0.0,4.0,5.0,1.0
26,131328,0,3,2,1.0,-1.0,-1.0,1.0,0.0,0.0,0.0,0.0,4.0,5.0,1.0
27,131586,0,3,2,1.0,-1.0,-1.0,1.0,0.0,0.0,0.0,0.0,4.0,5.0,1.0
28,131582,0,3,2,1.0,-1.0,-1.0,1.0,0.0,0.0,0.0,0.0,3.0,4.0,1.0
29,131294,0,5,2,1.0,-1.0,-1.0,1.0,0.0,0.0,0.0,0.0,4.0,5.0,1.0
30,131216,0,7,2,1.0,-1.0,-1.0,1.0,0.0,0.0,0.0,0.0,4.0,5.0,1.0
31,131269,10,6,2,1.0,-1.0,-1.0,1.0,0.0,1.0,0.0,0.0,4.0,5.0,1.0
32,131314,20,6,2,1.0,-1.0,-1.0,1.0,0.0,1.0,0.0,0.0,4.0,5.0,1.0
33,131293,0,7,2,1.0,-1.0,-1.0,1.0,0.0,0.0,1.0,1.0,4.0,5.0,2.0
34,131400,0,7,2,1.0,-1.0,-1.0,1.0,1.0,0.0,1.0,1.0,4.0,5.0,1.0
35,131291,50,7,2,1.0,-1.0,-1.0,1.0,0.0,1.0,0.0,0.0,4.0,5.0,1.0
36,131194,0,6,2,1.0,-1.0,-1.0,1.0,0.0,0.0,0.0,0.0,4.0,5.0,1.0
37,131319,10,6,2,1.0,-1.0,-1.0,1.0,0.0,1.0,0.0,0.0,4.0,5.0,1.0
38,131344,0,7,2,1.0,-1.0,-1.0,1.0,0.0,0.0,0.0,0.0,4.0,5.0,1.0
39,131324,0,6,2,1.0,-1.0,-1.0,1.0,0.0,1.0,0.0,0.0,4.0,5.0,3.0
40,131215,0,5,2,1.0,-1.0,-1.0,1.0,0.0,0.0,0.0,0.0,4.0,5.0,1.0
41,131287,0,4,2,1.0,-1.0,-1.0,1.0,0.0,1.0,0.0,0.0,3.0,3.0,1.0
42,131177,20,5,2,1.0,-1.0,-1.0,1.0,0.0,1.0,0.0,0.0,3.0,5.0,1.0
43,131429,0,4,2,1.0,-1.0,-1.0,1.0,0.0,0.0,0.0,0.0,4.0,5.0,1.0
44,131641,50,7,5,1.0,-1.0,-1.0,1.0,0.0,1.0,0.0,0.0,3.0,4.0,3.0
45,131405,10,7,2,1.0,-1.0,-1.0,1.0,0.0,1.0,0.0,0.0,2.0,2.0,2.0
46,131332,10,7,2,1.0,-1.0,-1.0,1.0,0.0,1.0,0.0,0.0,4.0,5.0,2.0
47,131581,0,5,2,1.0,-1.0,-1.0,1.0,0.0,0.0,0.0,0.0,4.0,3.0,1.0
48,131207,0,4,2,1.0,-1.0,-1.0,1.0,0.0,0.0,0.0,0.0,4.0,3.0,1.0
49,131665,10,4,2,1.0,-1.0,-1.0,1.0,0.0,0.0,0.0,0.0,1.0,1.0,1.0
50,131524,0,3,2,1.0,-1.0,-1.0,1.0,0.0,0.0,0.0,0.0,4.0,5.0,1.0
51,131568,0,4,2,1.0,-1.0,-1.0,1.0,0.0,0.0,0.0,0.0,4.0,5.0,1.0
52,131550,20,4,2,1.0,-1.0,-1.0,1.0,0.0,1.0,0.0,0.0,3.0,4.0,1.0
53,131571,0,3,2,1.0,-1.0,-1.0,1.0,0.0,0.0,0.0,0.0,4.0,4.0,1.0
54,131387,,5,2,1.0,-1.0,-1.0,1.0,1.0,0.0,0.0,0.0,4.0,5.0,1.0
55,131487,0,6,2,1.0,-1.0,-1.0,1.0,1.0,0.0,0.0,0.0,4.0,5.0,1.0
56,131596,20,4,2,1.0,-1.0,-1.0,1.0,0.0,1.0,1.0,1.0,4.0,5.0,1.0
57,131599,0,6,2,1.0,0.0,-1.0,-1.0,0.0,0.0,1.0,1.0,4.0,5.0,1.0
58,131598,0,7,2,1.0,-1.0,-1.0,1.0,0.0,0.0,1.0,1.0,3.0,4.0,2.0
59,131509,0,5,2,1.0,-1.0,-1.0,1.0,0.0,0.0,0.0,0.0,4.0,5.0,1.0
60,131243,0,5,2,1.0,-1.0,-1.0,1.0,1.0,1.0,0.0,0.0,4.0,5.0,1.0
61,131603,0,5,2,1.0,-1.0,-1.0,1.0,1.0,0.0,0.0,0.0,4.0,5.0,1.0
62,131310,20,7,2,1.0,-1.0,-1.0,1.0,1.0,1.0,0.0,0.0,3.0,4.0,1.0
63,131392,0,4,2,1.0,-1.0,-1.0,1.0,0.0,0.0,0.0,0.0,3.0,4.0,1.0
64,131248,0,6,2,1.0,-1.0,-1.0,1.0,0.0,0.0,0.0,0.0,4.0,5.0,1.0
65,131608,0,5,2,1.0,-1.0,-1.0,1.0,0.0,0.0,0.0,0.0,4.0,5.0,1.0
66,131249,10,5,2,1.0,-1.0,-1.0,1.0,0.0,1.0,0.0,0.0,4.0,5.0,1.0
67,131338,0,7,2,1.0,-1.0,-1.0,1.0,0.0,0.0,0.0,0.0,4.0,5.0,2.0
68,131523,0,5,2,1.0,-1.0,-1.0,1.0,1.0,0.0,0.0,0.0,4.0,5.0,1.0
69,131234,0,6,2,1.0,-1.0,-1.0,1.0,0.0,0.0,0.0,0.0,4.0,5.0,3.0
70,131320,0,5,2,1.0,-1.0,-1.0,1.0,0.0,0.0,0.0,0.0,4.0,5.0,3.0
71,131667,0,5,2,1.0,-1.0,-1.0,1.0,0.0,0.0,0.0,0.0,1.0,1.0,1.0
72,131336,10,7,2,1.0,-1.0,-1.0,1.0,0.0,1.0,0.0,0.0,3.0,4.0,2.0
73,131106,0,5,2,1.0,-1.0,-1.0,1.0,0.0,0.0,0.0,0.0,4.0,3.0,1.0
74,131597,0,6,2,1.0,-1.0,-1.0,1.0,1.0,0.0,1.0,1.0,4.0,5.0,1.0
75,131516,0,6,2,1.0,-1.0,-1.0,1.0,0.0,0.0,0.0,0.0,4.0,5.0,1.0
76,131198,0,5,2,1.0,-1.0,-1.0,1.0,0.0,0.0,0.0,0.0,4.0,4.0,1.0
77,131435,10,5,2,1.0,-1.0,-1.0,1.0,0.0,1.0,0.0,0.0,4.0,5.0,1.0
78,131183,0,6,2,1.0,-1.0,-1.0,1.0,0.0,1.0,0.0,0.0,4.0,5.0,1.0
79,131261,0,3,2,1.0,-1.0,-1.0,1.0,1.0,0.0,0.0,0.0,4.0,5.0,1.0
80,131119,10,6,2,1.0,-1.0,-1.0,1.0,1.0,1.0,0.0,0.0,4.0,5.0,2.0
81,131601,0,7,5,1.0,-1.0,-1.0,1.0,1.0,0.0,0.0,0.0,4.0,5.0,1.0
82,131157,0,5,2,1.0,-1.0,-1.0,1.0,0.0,0.0,0.0,0.0,4.0,5.0,3.0
83,131292,0,6,2,1.0,-1.0,-1.0,1.0,1.0,0.0,0.0,,4.0,5.0,1.0
84,131567,0,4,2,1.0,-1.0,-1.0,1.0,1.0,0.0,0.0,0.0,4.0,5.0,1.0
85,131569,0,5,2,1.0,-1.0,-1.0,1.0,1.0,0.0,0.0,0.0,4.0,5.0,1.0
86,141198,0,5,2,1.0,-1.0,-1.0,1.0,1.0,0.0,0.0,0.0,4.0,5.0,1.0
87,141108,0,5,2,1.0,-1.0,-1.0,1.0,1.0,0.0,0.0,0.0,4.0,4.0,1.0
88,141121,0,7,2,1.0,-1.0,-1.0,1.0,1.0,0.0,0.0,0.0,4.0,4.0,1.0
89,141126,30,5,2,1.0,-1.0,-1.0,1.0,1.0,1.0,0.0,0.0,4.0,4.0,1.0
90,141130,0,5,2,1.0,-1.0,-1.0,1.0,1.0,0.0,0.0,0.0,4.0,5.0,1.0
91,141122,0,7,2,1.0,-1.0,-1.0,1.0,1.0,0.0,0.0,0.0,4.0,5.0,1.0
92,141179,0,5,2,1.0,-1.0,-1.0,1.0,1.0,0.0,0.0,0.0,4.0,5.0,1.0
93,141166,0,5,2,1.0,-1.0,-1.0,1.0,1.0,0.0,0.0,0.0,4.0,5.0,1.0
94,131112,0,4,2,1.0,-1.0,-1.0,1.0,1.0,0.0,0.0,0.0,4.0,5.0,1.0
95,141137,0,4,2,1.0,-1.0,-1.0,1.0,1.0,0.0,0.0,0.0,4.0,5.0,1.0
96,141155,0,4,2,1.0,-1.0,-1.0,1.0,1.0,0.0,0.0,0.0,4.0,5.0,1.0
97,141106,0,5,2,1.0,-1.0,-1.0,1.0,1.0,0.0,0.0,0.0,4.0,5.0,1.0
98,141150,0,5,2,1.0,-1.0,-1.0,1.0,1.0,0.0,0.0,0.0,4.0,5.0,1.0
99,141153,10,4,2,1.0,-1.0,-1.0,1.0,1.0,1.0,0.0,0.0,4.0,5.0,1.0
100,141123,0,5,2,1.0,-1.0,-1.0,1.0,1.0,0.0,0.0,0.0,4.0,5.0,1.0
101,141504,0,6,2,1.0,-1.0,-1.0,1.0,1.0,0.0,0.0,0.0,4.0,5.0,1.0
102,141191,0,4,2,1.0,-1.0,-1.0,1.0,1.0,0.0,0.0,0.0,4.0,5.0,1.0
103,141200,0,6,5,1.0,-1.0,-1.0,1.0,1.0,0.0,0.0,0.0,4.0,5.0,1.0
104,141119,0,5,2,1.0,-1.0,-1.0,1.0,1.0,0.0,0.0,0.0,4.0,5.0,1.0
105,141129,0,5,2,1.0,-1.0,-1.0,1.0,1.0,0.0,0.0,0.0,4.0,4.0,1.0
106,141616,0,4,2,1.0,-1.0,-1.0,1.0,1.0,1.0,0.0,0.0,3.0,5.0,1.0
107,141144,0,7,2,1.0,-1.0,-1.0,1.0,1.0,0.0,0.0,0.0,4.0,5.0,2.0
108,141128,0,5,2,1.0,-1.0,-1.0,1.0,1.0,0.0,0.0,0.0,4.0,5.0,1.0
109,141135,0,7,2,1.0,-1.0,-1.0,1.0,1.0,1.0,0.0,0.0,4.0,5.0,1.0
110,141309,0,6,2,1.0,-1.0,-1.0,1.0,1.0,0.0,0.0,0.0,4.0,5.0,1.0
111,nd2256,0,7,5,1.0,-1.0,-1.0,1.0,1.0,0.0,0.0,,4.0,4.0,1.0
112,nd2268,0,5,0,1.0,-1.0,-1.0,1.0,1.0,0.0,0.0,,3.0,4.0,1.0
113,nd2285,,4,0,1.0,-1.0,-1.0,1.0,1.0,0.0,1.0,1.0,4.0,4.0,1.0
114,nd2375,,5,0,1.0,-1.0,-1.0,1.0,1.0,0.0,,,4.0,4.0,1.0
115,nd2490,,6,5,1.0,-1.0,-1.0,1.0,1.0,0.0,,,4.0,5.0,3.0
116,nd2233,,5,5,1.0,-1.0,-1.0,1.0,1.0,0.0,0.0,,4.0,5.0,1.0
117,nd2427,0,3,0,0.0,-1.0,-1.0,1.0,1.0,0.0,,,4.0,4.0,1.0
118,nd2383,0,5,0,1.0,-1.0,-1.0,1.0,1.0,0.0,,,4.0,5.0,1.0
119,nd2345,0,6,0,1.0,-1.0,-1.0,1.0,1.0,0.0,,,4.0,5.0,1.0
120,nd2355,0,4,0,1.0,-1.0,-1.0,1.0,1.0,0.0,,,4.0,5.0,2.0
121,nd2226,0,4,0,1.0,-1.0,-1.0,1.0,1.0,0.0,,,4.0,5.0,2.0
122,nd2286,10,6,0,1.0,-1.0,-1.0,1.0,1.0,1.0,,,4.0,5.0,1.0
123,nd2324,20,5,0,1.0,-1.0,-1.0,1.0,1.0,1.0,,,4.0,5.0,2.0
124,nd2396,20,5,0,1.0,-1.0,-1.0,1.0,1.0,1.0,,,4.0,5.0,2.0
125,nd2397,0,8,0,1.0,-1.0,-1.0,1.0,1.0,0.0,,,4.0,5.0,2.0
126,nd2295,0,4,0,1.0,-1.0,-1.0,1.0,1.0,1.0,,,4.0,5.0,2.0
127,nd2401,0,6,0,1.0,-1.0,-1.0,1.0,1.0,0.0,,,4.0,5.0,1.0
128,nd2329,0,5,0,1.0,-1.0,-1.0,1.0,1.0,0.0,,,4.0,5.0,1.0
129,nd2405,0,4,0,1.0,-1.0,-1.0,1.0,1.0,0.0,,,4.0,4.0,1.0
130,nd2466,0,3,0,1.0,-1.0,-1.0,1.0,1.0,0.0,,,4.0,5.0,1.0
131,nd2361,0,6,0,1.0,-1.0,-1.0,1.0,1.0,0.0,,,4.0,5.0,1.0
132,nd0000,10,4,0,1.0,-1.0,-1.0,1.0,1.0,1.0,,,4.0,5.0,1.0
133,nd2253,10,3,5,1.0,-1.0,-1.0,1.0,1.0,0.0,,,4.0,5.0,1.0
134,nd0058,0,4,3,1.0,-1.0,-1.0,1.0,1.0,0.0,,,4.0,5.0,1.0
135,nd2407,0,4,0,1.0,-1.0,-1.0,1.0,1.0,1.0,,,4.0,5.0,1.0
136,nd2344,0,5,0,1.0,-1.0,-1.0,1.0,1.0,0.0,,,4.0,5.0,1.0
137,nd2264,0,3,0,1.0,-1.0,-1.0,1.0,1.0,0.0,,,4.0,5.0,2.0
138,nd2245,0,3,0,1.0,-1.0,-1.0,1.0,1.0,0.0,,,4.0,5.0,1.0
139,nd2547,0,5,0,1.0,-1.0,-1.0,1.0,1.0,0.0,,,4.0,5.0,3.0
140,nd2446,0,5,0,1.0,-1.0,-1.0,1.0,1.0,0.0,,,4.0,5.0,1.0
141,nd2386,0,5,0,1.0,-1.0,-1.0,1.0,1.0,0.0,,,4.0,4.0,1.0
142,nd2537,0,5,0,1.0,-1.0,-1.0,1.0,1.0,1.0,,,4.0,4.0,1.0
143,nd2294,0,7,0,1.0,-1.0,-1.0,1.0,1.0,0.0,,,4.0,5.0,1.0
144,nd2293,0,6,0,1.0,-1.0,-1.0,1.0,1.0,0.0,,,4.0,5.0,1.0
145,nd2293,0,6,0,1.0,-1.0,-1.0,1.0,1.0,0.0,,,4.0,5.0,1.0
146,nd2492,10,3,0,0.0,-1.0,-1.0,0.0,0.0,0.0,,,4.0,5.0,1.0
147,nd2336,0,7,0,1.0,-1.0,-1.0,1.0,1.0,0.0,,,4.0,5.0,1.0
148,nd2289,10,6,0,1.0,-1.0,-1.0,1.0,1.0,1.0,,,4.0,5.0,2.0
149,161007,0,5,0,1.0,-1.0,-1.0,1.0,0.0,0.0,,,4.0,5.0,2.0
150,161027,0,4,0,1.0,-1.0,-1.0,1.0,0.0,0.0,,,4.0,5.0,4.0
151,161005,0,4,0,1.0,-1.0,-1.0,1.0,0.0,0.0,,,4.0,5.0,2.0
152,161142,20,7,5,1.0,-1.0,-1.0,1.0,0.0,1.0,,,4.0,5.0,4.0
153,161026,0,4,0,1.0,-1.0,-1.0,1.0,0.0,0.0,,,4.0,5.0,2.0
154,161010,0,6,0,1.0,-1.0,-1.0,1.0,0.0,0.0,,,4.0,5.0,2.0
155,161150,0,4,0,1.0,-1.0,-1.0,1.0,0.0,0.0,,,4.0,5.0,1.0
156,161094,,4,0,1.0,-1.0,-1.0,1.0,0.0,0.0,,,4.0,5.0,1.0
157,161086,,4,0,1.0,-1.0,-1.0,1.0,0.0,0.0,,,4.0,5.0,1.0
158,161072,0,3,0,1.0,-1.0,-1.0,1.0,0.0,0.0,1.0,1.0,4.0,5.0,1.0
159,161071,0,3,0,1.0,-1.0,-1.0,1.0,0.0,0.0,1.0,1.0,4.0,5.0,1.0
160,rn2277,0,5,2,1.0,-1.0,-1.0,1.0,1.0,0.0,0.0,0.0,4.0,4.0,1.0
161,rn2329,0,3,2,1.0,-1.0,-1.0,1.0,1.0,0.0,0.0,0.0,4.0,5.0,1.0
162,rn2242,0,3,2,1.0,-1.0,-1.0,1.0,1.0,0.0,0.0,0.0,4.0,5.0,1.0
163,rn2222,0,5,2,1.0,-1.0,-1.0,1.0,1.0,1.0,0.0,0.0,4.0,5.0,2.0
164,rn2247,40,5,2,1.0,-1.0,-1.0,1.0,1.0,1.0,0.0,0.0,4.0,5.0,2.0
165,rn2701,0,4,2,1.0,-1.0,-1.0,1.0,1.0,0.0,0.0,0.0,4.0,5.0,1.0
166,rn2265,0,5,2,1.0,-1.0,-1.0,1.0,1.0,0.0,0.0,0.0,4.0,5.0,1.0
167,rn2835,10,4,2,1.0,-1.0,-1.0,1.0,1.0,0.0,0.0,0.0,4.0,5.0,1.0
168,rn2339,20,6,2,1.0,-1.0,-1.0,1.0,1.0,0.0,0.0,0.0,4.0,5.0,1.0
169,rn2257,20,4,2,1.0,-1.0,-1.0,1.0,1.0,1.0,0.0,0.0,4.0,5.0,3.0
170,rn2286,20,3,2,1.0,-1.0,-1.0,1.0,1.0,1.0,0.0,0.0,4.0,5.0,4.0
171,rn2632,0,4,2,1.0,-1.0,-1.0,1.0,1.0,0.0,0.0,0.0,4.0,5.0,2.0
172,2228,20,6,2,1.0,-1.0,-1.0,1.0,1.0,1.0,0.0,0.0,4.0,5.0,1.0
173,rn2253,0,7,2,1.0,-1.0,-1.0,1.0,1.0,0.0,0.0,0.0,4.0,5.0,1.0
174,rn2803,10,5,2,1.0,-1.0,-1.0,1.0,1.0,1.0,0.0,0.0,4.0,5.0,1.0
175,rn2328,0,6,5,1.0,-1.0,-1.0,1.0,1.0,0.0,0.0,0.0,4.0,5.0,1.0
176,rn2285,0,4,2,1.0,-1.0,-1.0,1.0,1.0,0.0,0.0,0.0,4.0,5.0,4.0
177,rn2393,0,4,2,1.0,-1.0,-1.0,1.0,1.0,0.0,0.0,0.0,4.0,5.0,1.0
178,rn2325,0,4,2,1.0,-1.0,-1.0,1.0,1.0,0.0,0.0,0.0,4.0,5.0,4.0
179,rn2266,20,4,2,1.0,-1.0,-1.0,1.0,1.0,1.0,0.0,0.0,4.0,5.0,2.0
180,rn2214,0,7,2,1.0,-1.0,-1.0,1.0,1.0,0.0,0.0,0.0,4.0,5.0,1.0
181,rn2269,30,4,2,1.0,-1.0,-1.0,1.0,1.0,0.0,0.0,0.0,4.0,5.0,1.0
182,rn2692,0,6,2,1.0,-1.0,-1.0,1.0,1.0,0.0,0.0,0.0,4.0,5.0,1.0
183,rn2691,0,5,2,1.0,-1.0,-1.0,1.0,1.0,0.0,0.0,0.0,4.0,5.0,1.0
184,rn2336,0,6,2,1.0,-1.0,-1.0,1.0,1.0,0.0,0.0,0.0,4.0,5.0,1.0
185,rn2378,0,5,2,1.0,-1.0,-1.0,1.0,1.0,0.0,0.0,0.0,4.0,5.0,4.0
186,rn2454,0,4,2,1.0,-1.0,-1.0,1.0,1.0,0.0,0.0,0.0,3.0,4.0,1.0
187,rn2296,0,5,2,1.0,-1.0,-1.0,1.0,1.0,0.0,0.0,0.0,4.0,5.0,3.0
188,rn2393,0,5,2,1.0,-1.0,-1.0,1.0,1.0,0.0,0.0,0.0,4.0,5.0,2.0
189,rn2273,0,5,2,1.0,-1.0,-1.0,1.0,1.0,0.0,0.0,0.0,4.0,5.0,1.0
190,rn2268,0,5,2,1.0,-1.0,-1.0,1.0,1.0,0.0,0.0,0.0,4.0,5.0,1.0
191,rn2394,0,7,2,1.0,-1.0,-1.0,1.0,1.0,0.0,0.0,0.0,4.0,5.0,1.0
192,rn2265,0,6,2,1.0,-1.0,-1.0,1.0,1.0,0.0,0.0,0.0,4.0,5.0,1.0
193,rn2386,0,7,2,1.0,-1.0,-1.0,1.0,1.0,0.0,0.0,0.0,4.0,5.0,1.0
194,rn2238,10,6,2,1.0,-1.0,-1.0,1.0,1.0,0.0,0.0,0.0,4.0,5.0,1.0
195,rn2265,0,5,2,1.0,-1.0,-1.0,1.0,1.0,0.0,0.0,0.0,3.0,4.0,1.0
196,rn2374,0,5,2,1.0,-1.0,-1.0,1.0,-1.0,0.0,0.0,0.0,4.0,5.0,1.0
197,2262,0,4,2,1.0,-1.0,-1.0,1.0,1.0,0.0,0.0,0.0,4.0,5.0,1.0
198,rn2424,0,6,2,1.0,-1.0,-1.0,1.0,1.0,0.0,0.0,0.0,4.0,5.0,1.0
199,rn2428,0,3,2,1.0,-1.0,-1.0,1.0,1.0,0.0,0.0,0.0,4.0,5.0,1.0
200,rn2276,20,7,2,1.0,-1.0,-1.0,1.0,1.0,1.0,0.0,0.0,4.0,5.0,1.0
201,151200,,3,0,1.0,0.0,0.0,0.0,0.0,0.0,,,4.0,5.0,1.0
202,8733705,,2,0,1.0,0.0,0.0,0.0,0.0,0.0,0.0,0.0,1.0,1.0,4.0
203,151140,10,2,2,1.0,-1.0,-1.0,1.0,0.0,1.0,1.0,1.0,4.0,5.0,2.0
204,151125,,3,0,1.0,1.0,1.0,1.0,0.0,0.0,,,4.0,5.0,1.0
205,151115,10,5,0,1.0,0.0,0.0,0.0,0.0,1.0,,,4.0,5.0,1.0
206,151118,,3,0,1.0,0.0,1.0,0.0,0.0,0.0,,,3.0,4.0,1.0
207,151220,,3,0,1.0,0.0,1.0,0.0,0.0,0.0,,0.0,4.0,5.0,1.0
208,151135,10,3,3,1.0,-1.0,-1.0,1.0,0.0,1.0,1.0,1.0,2.0,5.0,2.0
209,151150,30,5,2,1.0,-1.0,-1.0,1.0,1.0,1.0,1.0,1.0,3.0,5.0,3.0
210,151192,30,3,2,1.0,-1.0,-1.0,1.0,0.0,1.0,1.0,1.0,4.0,5.0,2.0
211,151127,,3,2,1.0,-1.0,-1.0,1.0,0.0,0.0,1.0,1.0,3.0,4.0,1.0
212,151193,60,4,4,1.0,0.0,1.0,1.0,0.0,1.0,,,4.0,5.0,4.0
213,151135,,2,0,1.0,0.0,1.0,0.0,0.0,0.0,,,4.0,5.0,1.0
214,151190,,2,0,1.0,0.0,1.0,0.0,0.0,-1.0,,,4.0,5.0,1.0
215,151177,10,3,0,1.0,0.0,1.0,1.0,0.0,1.0,1.0,1.0,4.0,5.0,2.0
216,151250,10,3,0,1.0,0.0,0.0,1.0,0.0,1.0,1.0,1.0,4.0,5.0,2.0
217,210110,20,6,5,1.0,-1.0,-1.0,1.0,0.0,1.0,0.0,0.0,2.0,1.0,4.0
218,21010,0,5,2,1.0,-1.0,-1.0,1.0,0.0,0.0,0.0,0.0,3.0,1.0,1.0
219,210160,0,5,0,1.0,-1.0,-1.0,1.0,0.0,0.0,0.0,,4.0,1.0,1.0
220,210118,0,6,0,1.0,-1.0,-1.0,1.0,0.0,0.0,,,4.0,1.0,1.0
221,210123,0,4,0,1.0,-1.0,-1.0,1.0,0.0,0.0,,,3.0,1.0,1.0
222,210119,0,5,0,1.0,-1.0,-1.0,1.0,0.0,0.0,,,3.0,4.0,1.0
223,210124,0,4,0,1.0,-1.0,-1.0,1.0,0.0,0.0,,,3.0,1.0,1.0
224,210114,0,5,0,0.0,-1.0,-1.0,0.0,0.0,0.0,,,3.0,1.0,1.0
225,210130,10,5,0,1.0,-1.0,-1.0,1.0,0.0,1.0,,,3.0,4.0,1.0
226,210135,20,5,0,1.0,-1.0,-1.0,1.0,0.0,1.0,,,3.0,1.0,1.0
227,210112,0,5,0,1.0,-1.0,-1.0,1.0,0.0,0.0,,,3.0,1.0,1.0
228,210101,0,5,0,1.0,-1.0,-1.0,1.0,0.0,0.0,,,3.0,1.0,1.0
229,210122,0,4,0,1.0,-1.0,-1.0,1.0,0.0,0.0,1.0,1.0,3.0,1.0,1.0
230,210125,0,5,0,0.0,-1.0,-1.0,1.0,0.0,0.0,,,3.0,1.0,1.0
231,210153,0,3,0,1.0,-1.0,-1.0,1.0,0.0,0.0,,,3.0,1.0,1.0
232,210107,0,5,0,1.0,-1.0,-1.0,1.0,0.0,0.0,,,3.0,1.0,1.0
233,210105,20,5,0,1.0,-1.0,-1.0,1.0,0.0,1.0,,,3.0,1.0,1.0
234,210102,0,5,0,1.0,-1.0,-1.0,1.0,0.0,0.0,,,3.0,1.0,1.0
235,210139,0,6,0,1.0,-1.0,-1.0,1.0,0.0,0.0,,,3.0,1.0,1.0
236,200103,0,4,0,1.0,-1.0,-1.0,1.0,0.0,0.0,,,3.0,1.0,1.0
237,200154,0,4,0,1.0,-1.0,-1.0,1.0,0.0,0.0,,,3.0,1.0,1.0
238,200153,0,6,0,1.0,-1.0,-1.0,1.0,0.0,0.0,,,3.0,1.0,1.0
239,200104,0,3,0,1.0,-1.0,-1.0,1.0,0.0,0.0,,,3.0,1.0,1.0
240,200105,0,4,0,1.0,-1.0,-1.0,1.0,0.0,0.0,,,3.0,1.0,1.0
241,201139,0,5,0,1.0,-1.0,-1.0,1.0,0.0,0.0,,,3.0,1.0,1.0
242,201143,0,6,0,1.0,-1.0,-1.0,1.0,0.0,0.0,,,3.0,1.0,1.0
243,201137,0,3,0,1.0,-1.0,-1.0,1.0,0.0,0.0,,,3.0,1.0,1.0
244,200155,0,3,0,1.0,-1.0,-1.0,1.0,0.0,0.0,,,3.0,1.0,1.0
245,200114,0,4,0,1.0,-1.0,-1.0,1.0,0.0,0.0,,,3.0,1.0,1.0
246,201166,0,4,0,1.0,-1.0,-1.0,1.0,0.0,0.0,,,3.0,1.0,1.0
247,200118,0,6,0,1.0,-1.0,-1.0,1.0,0.0,0.0,,,3.0,1.0,1.0
248,200108,0,6,0,1.0,-1.0,-1.0,1.0,0.0,0.0,,,3.0,1.0,1.0
249,200116,0,7,0,1.0,-1.0,-1.0,1.0,0.0,0.0,,,3.0,1.0,2.0
250,200144,0,4,0,1.0,-1.0,-1.0,1.0,0.0,0.0,1.0,1.0,3.0,1.0,1.0
251,20014,0,3,0,1.0,-1.0,-1.0,1.0,0.0,0.0,1.0,1.0,3.0,1.0,1.0
252,200141,0,3,0,1.0,-1.0,-1.0,1.0,0.0,0.0,1.0,1.0,3.0,1.0,1.0
253,200145,0,4,0,1.0,-1.0,-1.0,1.0,0.0,0.0,1.0,1.0,3.0,1.0,1.0
254,200143,0,3,0,1.0,-1.0,-1.0,1.0,0.0,0.0,1.0,1.0,3.0,1.0,1.0
255,200140,,2,0,1.0,1.0,1.0,1.0,1.0,1.0,1.0,1.0,3.0,1.0,2.0
256,200140,0,5,0,1.0,-1.0,-1.0,1.0,0.0,0.0,1.0,1.0,3.0,1.0,1.0
257,201161,0,4,0,1.0,-1.0,-1.0,1.0,0.0,0.0,,,3.0,1.0,1.0
258,201122,0,5,0,1.0,-1.0,-1.0,1.0,0.0,0.0,,,3.0,1.0,1.0
259,201123,0,6,0,1.0,-1.0,-1.0,1.0,0.0,0.0,,,3.0,1.0,1.0
260,200151,0,6,0,1.0,-1.0,-1.0,1.0,0.0,0.0,,,3.0,1.0,3.0
261,200152,0,5,0,1.0,-1.0,-1.0,1.0,0.0,0.0,,,3.0,1.0,3.0
262,201124,0,4,0,1.0,-1.0,-1.0,1.0,0.0,0.0,,,3.0,1.0,1.0
263,200139,0,5,5,1.0,-1.0,-1.0,0.0,0.0,0.0,,,3.0,1.0,3.0
264,200148,0,5,0,1.0,-1.0,-1.0,1.0,0.0,0.0,1.0,1.0,3.0,1.0,1.0
265,200109,0,5,0,1.0,-1.0,-1.0,1.0,0.0,0.0,,,3.0,1.0,1.0
266,200129,0,4,0,1.0,-1.0,-1.0,1.0,0.0,0.0,,,3.0,1.0,1.0
267,200154,0,4,0,1.0,-1.0,-1.0,1.0,0.0,0.0,,,3.0,1.0,1.0
268,201145,0,4,0,1.0,-1.0,-1.0,1.0,0.0,0.0,,,3.0,1.0,1.0
269,201137,0,4,0,1.0,-1.0,-1.0,1.0,0.0,0.0,,,3.0,1.0,1.0
270,200122,0,3,0,1.0,-1.0,-1.0,1.0,0.0,0.0,,,3.0,1.0,1.0
271,201178,0,3,0,1.0,-1.0,-1.0,1.0,0.0,0.0,,,3.0,1.0,1.0
272,200117,0,7,0,1.0,-1.0,-1.0,1.0,0.0,0.0,,,3.0,1.0,1.0
273,200135,20,5,0,1.0,-1.0,-1.0,1.0,0.0,1.0,,,3.0,1.0,1.0
274,200120,0,6,0,1.0,-1.0,-1.0,1.0,0.0,0.0,,,3.0,1.0,1.0
275,200127,0,6,0,1.0,-1.0,-1.0,1.0,0.0,0.0,,,3.0,1.0,1.0
276,200109,0,4,0,1.0,-1.0,-1.0,1.0,0.0,0.0,,,3.0,1.0,2.0
277,232169,0,4,0,1.0,-1.0,-1.0,1.0,1.0,0.0,,,2.0,1.0,1.0
278,232102,0,6,0,1.0,-1.0,-1.0,1.0,1.0,0.0,,,2.0,1.0,1.0
279,23214,0,4,0,1.0,-1.0,-1.0,1.0,1.0,0.0,1.0,1.0,2.0,1.0,1.0
280,232110,0,7,5,1.0,-1.0,-1.0,1.0,1.0,0.0,,,2.0,1.0,3.0
281,232109,0,4,0,1.0,-1.0,-1.0,1.0,1.0,0.0,,,2.0,1.0,1.0
282,23210,0,3,0,1.0,-1.0,-1.0,1.0,1.0,0.0,,,2.0,1.0,1.0
283,23210,0,5,0,1.0,-1.0,-1.0,1.0,1.0,0.0,,,2.0,1.0,1.0
284,242105,0,5,0,1.0,-1.0,-1.0,1.0,1.0,0.0,,,2.0,1.0,1.0
285,232103,0,4,0,1.0,-1.0,-1.0,1.0,1.0,0.0,,,2.0,1.0,1.0
286,232118,10,5,0,1.0,-1.0,-1.0,1.0,1.0,1.0,,,2.0,1.0,1.0
287,232115,0,4,0,1.0,-1.0,-1.0,1.0,1.0,0.0,,,3.0,1.0,1.0
288,224595,0,3,0,1.0,-1.0,-1.0,1.0,1.0,0.0,,,2.0,1.0,1.0
289,224592,0,6,0,1.0,-1.0,-1.0,1.0,1.0,0.0,,,2.0,1.0,2.0
290,224587,0,5,0,1.0,-1.0,-1.0,1.0,1.0,0.0,,,2.0,1.0,1.0
291,224631,10,5,0,1.0,-1.0,-1.0,1.0,1.0,1.0,,,2.0,1.0,1.0
292,224681,0,4,0,1.0,-1.0,-1.0,1.0,1.0,0.0,,,2.0,1.0,1.0
293,224766,0,4,0,1.0,-1.0,-1.0,1.0,1.0,0.0,,,2.0,1.0,1.0
294,224761,0,5,0,1.0,-1.0,-1.0,1.0,1.0,0.0,,,2.0,1.0,1.0
295,224570,0,4,0,1.0,-1.0,-1.0,1.0,1.0,0.0,,,2.0,1.0,1.0
296,224577,0,4,0,1.0,-1.0,-1.0,1.0,1.0,0.0,,,2.0,1.0,1.0
297,224866,20,7,0,1.0,-1.0,-1.0,1.0,1.0,1.0,,,2.0,1.0,2.0
298,224663,20,7,0,1.0,-1.0,-1.0,1.0,1.0,1.0,,,2.0,1.0,3.0
299,224633,0,5,0,1.0,-1.0,-1.0,1.0,1.0,0.0,,,2.0,1.0,1.0
300,224797,0,5,0,1.0,-1.0,-1.0,1.0,1.0,0.0,,,2.0,1.0,1.0
301,224572,0,6,0,1.0,-1.0,-1.0,1.0,1.0,0.0,,,2.0,1.0,2.0
302,224572,0,5,0,1.0,-1.0,-1.0,1.0,1.0,0.0,,,2.0,1.0,1.0
303,224606,20,5,0,1.0,-1.0,-1.0,1.0,1.0,1.0,,,2.0,1.0,1.0
304,224732,0,6,0,1.0,-1.0,-1.0,1.0,1.0,0.0,,,2.0,1.0,1.0
305,224702,0,4,0,1.0,-1.0,-1.0,1.0,1.0,0.0,,,2.0,3.0,1.0
306,224629,0,6,3,1.0,-1.0,-1.0,1.0,1.0,0.0,,,2.0,1.0,2.0
307,224658,0,4,0,1.0,-1.0,-1.0,1.0,1.0,0.0,,,2.0,1.0,1.0
308,224598,0,5,4,1.0,-1.0,-1.0,1.0,1.0,0.0,,,2.0,1.0,1.0
309,224805,0,5,0,1.0,-1.0,-1.0,1.0,1.0,0.0,,,2.0,1.0,2.0
310,224567,0,4,0,1.0,-1.0,-1.0,1.0,1.0,0.0,,,2.0,1.0,1.0
311,224841,0,4,0,1.0,-1.0,-1.0,1.0,1.0,0.0,,,2.0,1.0,1.0
312,224643,0,4,0,1.0,-1.0,-1.0,1.0,1.0,0.0,,,2.0,1.0,1.0
313,224613,0,3,0,1.0,-1.0,-1.0,1.0,1.0,0.0,,,2.0,1.0,1.0
314,224578,0,7,0,1.0,-1.0,-1.0,1.0,1.0,0.0,,,2.0,1.0,1.0
315,224622,0,4,0,1.0,-1.0,-1.0,1.0,1.0,1.0,1.0,1.0,2.0,1.0,1.0
316,22461,10,7,0,1.0,-1.0,-1.0,1.0,1.0,1.0,,,2.0,1.0,1.0
317,224616,20,5,0,1.0,-1.0,-1.0,1.0,1.0,1.0,,,2.0,1.0,1.0
318,224782,20,3,0,1.0,-1.0,-1.0,1.0,1.0,0.0,,,2.0,1.0,1.0
319,224772,0,4,0,1.0,-1.0,-1.0,1.0,1.0,0.0,,,2.0,1.0,1.0
320,224773,10,7,0,1.0,-1.0,-1.0,1.0,1.0,1.0,,,2.0,1.0,1.0
321,22460,0,5,0,1.0,-1.0,-1.0,1.0,1.0,0.0,,,2.0,1.0,1.0
322,224740,0,4,0,1.0,-1.0,-1.0,1.0,1.0,0.0,1.0,1.0,2.0,1.0,2.0
323,224742,0,4,0,1.0,-1.0,-1.0,1.0,1.0,0.0,1.0,1.0,2.0,1.0,1.0
324,242319,0,4,0,1.0,-1.0,-1.0,1.0,1.0,0.0,,,2.0,1.0,1.0
325,242190,0,4,0,1.0,-1.0,-1.0,1.0,1.0,0.0,,,3.0,1.0,1.0
326,242180,0,4,0,1.0,-1.0,-1.0,1.0,1.0,0.0,,,2.0,1.0,1.0
327,242109,10,6,0,1.0,-1.0,-1.0,1.0,1.0,1.0,,,2.0,1.0,1.0
328,242123,0,4,0,1.0,-1.0,-1.0,1.0,1.0,0.0,,,2.0,1.0,1.0
329,242122,0,4,0,1.0,-1.0,-1.0,1.0,1.0,0.0,,,2.0,1.0,1.0
330,242124,0,4,0,1.0,-1.0,-1.0,1.0,1.0,0.0,,,2.0,1.0,1.0
331,242162,0,4,0,1.0,-1.0,-1.0,1.0,1.0,0.0,,,2.0,1.0,1.0
332,242321,0,3,0,1.0,-1.0,1.0,1.0,1.0,0.0,,,2.0,1.0,1.0
333,242154,0,4,0,1.0,-1.0,-1.0,1.0,1.0,0.0,,,2.0,1.0,1.0
334,242255,0,4,0,1.0,-1.0,-1.0,1.0,1.0,0.0,1.0,1.0,2.0,1.0,1.0
335,242290,0,5,0,1.0,-1.0,-1.0,1.0,1.0,0.0,,,2.0,1.0,1.0
336,242316,0,4,0,1.0,-1.0,-1.0,1.0,1.0,0.0,,,2.0,1.0,1.0
337,242331 ,0,3,0,1.0,-1.0,-1.0,1.0,1.0,0.0,,,2.0,1.0,1.0
338,252154,0,6,0,1.0,-1.0,-1.0,1.0,0.0,0.0,,,2.0,1.0,2.0
339,252101,0,5,0,1.0,-1.0,-1.0,1.0,0.0,0.0,,,2.0,1.0,1.0
340,252203,0,5,4,1.0,-1.0,-1.0,1.0,0.0,0.0,,,2.0,1.0,1.0
341,252180,0,5,2,1.0,-1.0,-1.0,1.0,0.0,0.0,,,2.0,1.0,1.0
342,252168,0,4,0,1.0,-1.0,-1.0,1.0,0.0,0.0,,,2.0,1.0,1.0
343,252117,0,4,0,1.0,-1.0,-1.0,1.0,0.0,0.0,,,2.0,1.0,1.0
344,25221,0,5,0,1.0,-1.0,-1.0,1.0,0.0,0.0,,,2.0,1.0,1.0
345,252103,0,4,0,1.0,-1.0,-1.0,1.0,0.0,0.0,,,2.0,1.0,1.0
346,252103,0,4,0,1.0,-1.0,-1.0,1.0,0.0,0.0,,,2.0,1.0,1.0
347,252217,0,3,0,1.0,-1.0,-1.0,1.0,0.0,0.0,,,2.0,1.0,1.0
348,252120,0,4,0,1.0,-1.0,-1.0,1.0,0.0,0.0,,,2.0,1.0,1.0
349,252193,0,4,0,1.0,-1.0,-1.0,1.0,0.0,0.0,,,2.0,1.0,1.0
350,252177,0,4,0,1.0,-1.0,-1.0,1.0,0.0,0.0,,,2.0,1.0,1.0
351,252163,0,4,0,1.0,-1.0,-1.0,1.0,0.0,0.0,,,2.0,1.0,1.0
352,252105,0,3,0,1.0,-1.0,-1.0,1.0,0.0,0.0,,,2.0,1.0,1.0
353,252144,0,6,0,1.0,-1.0,-1.0,1.0,0.0,0.0,,,2.0,1.0,1.0
354,252110,0,4,0,1.0,-1.0,-1.0,1.0,0.0,0.0,,,2.0,1.0,1.0
355,252166,0,6,0,1.0,-1.0,-1.0,1.0,0.0,0.0,,,2.0,1.0,1.0
356,252133,0,3,0,1.0,-1.0,-1.0,1.0,0.0,0.0,,,2.0,1.0,1.0
357,252124,0,4,0,1.0,-1.0,-1.0,1.0,0.0,0.0,,,2.0,1.0,1.0
358,252173,0,5,0,1.0,-1.0,-1.0,1.0,0.0,0.0,,,2.0,1.0,1.0
359,252109,0,4,0,1.0,-1.0,-1.0,1.0,0.0,0.0,,,2.0,1.0,1.0
360,252139,0,3,0,1.0,-1.0,-1.0,1.0,0.0,0.0,,,2.0,1.0,1.0
361,252206,0,4,0,1.0,-1.0,-1.0,1.0,0.0,0.0,,,2.0,1.0,1.0
362,25216,0,3,0,1.0,-1.0,-1.0,1.0,0.0,0.0,,,2.0,1.0,1.0
363,252115,0,4,0,1.0,-1.0,-1.0,1.0,0.0,0.0,,,2.0,1.0,1.0
364,252197,0,6,0,1.0,-1.0,-1.0,1.0,0.0,0.0,1.0,1.0,2.0,1.0,1.0
365,252171,0,3,0,1.0,0.0,0.0,1.0,0.0,0.0,,,2.0,1.0,1.0
366,252144,0,4,0,1.0,0.0,0.0,1.0,0.0,0.0,,,2.0,1.0,1.0
367,252165,0,3,0,1.0,-1.0,-1.0,1.0,0.0,0.0,,,2.0,1.0,1.0
368,252162,0,4,0,1.0,0.0,0.0,1.0,0.0,0.0,,,2.0,1.0,1.0
369,190121,0,4,0,1.0,0.0,0.0,1.0,0.0,1.0,,,2.0,1.0,1.0
370,190225,0,5,0,0.0,0.0,0.0,1.0,0.0,0.0,,,2.0,1.0,1.0
371,190112,0,4,0,1.0,0.0,0.0,1.0,0.0,0.0,,,2.0,1.0,1.0
372,190100,0,5,0,1.0,0.0,0.0,1.0,0.0,0.0,,,2.0,1.0,1.0
373,19011,0,5,0,1.0,0.0,-1.0,1.0,0.0,0.0,,,2.0,1.0,1.0
374,19016,0,4,0,1.0,-1.0,-1.0,1.0,0.0,0.0,,,2.0,1.0,1.0
375,190108,0,4,0,1.0,-1.0,-1.0,1.0,0.0,0.0,,,2.0,1.0,1.0
376,190110,0,4,0,1.0,-1.0,-1.0,1.0,0.0,0.0,,,2.0,1.0,1.0
377,190101,0,5,0,1.0,-1.0,-1.0,1.0,0.0,0.0,,,2.0,1.0,1.0
378,190145,0,5,3,1.0,-1.0,-1.0,1.0,0.0,0.0,,,2.0,1.0,1.0
379,190146,0,5,5,1.0,-1.0,-1.0,1.0,0.0,0.0,,,2.0,1.0,1.0
380,190104,0,5,0,1.0,-1.0,-1.0,1.0,0.0,0.0,,,2.0,1.0,2.0
381,190103,0,6,0,1.0,-1.0,-1.0,1.0,0.0,0.0,,,2.0,1.0,2.0
382,190249,20,7,5,1.0,-1.0,-1.0,1.0,0.0,1.0,,,2.0,1.0,2.0
383,190218,0,4,0,1.0,-1.0,-1.0,1.0,0.0,0.0,,,2.0,1.0,1.0
384,190215,0,5,0,1.0,-1.0,-1.0,1.0,0.0,0.0,,,2.0,1.0,1.0
385,190220,0,5,0,1.0,-1.0,-1.0,1.0,0.0,0.0,,,2.0,1.0,1.0
386,19026,0,6,0,1.0,-1.0,-1.0,1.0,0.0,0.0,1.0,1.0,2.0,1.0,1.0
387,190232,0,5,0,1.0,-1.0,-1.0,1.0,0.0,0.0,1.0,1.0,2.0,1.0,1.0
388,190234,0,3,0,1.0,-1.0,-1.0,1.0,0.0,0.0,1.0,1.0,2.0,1.0,1.0
389,190236,0,3,0,1.0,-1.0,-1.0,1.0,0.0,0.0,1.0,1.0,2.0,1.0,1.0
390,19023,0,4,0,1.0,-1.0,-1.0,1.0,0.0,0.0,1.0,1.0,2.0,1.0,1.0
391,190233,0,3,0,1.0,-1.0,-1.0,1.0,0.0,0.0,1.0,1.0,2.0,1.0,1.0
392,190346,0,4,0,1.0,-1.0,-1.0,1.0,0.0,0.0,1.0,1.0,2.0,1.0,1.0
393,190345,0,6,0,1.0,-1.0,-1.0,1.0,0.0,0.0,1.0,1.0,2.0,1.0,1.0
394,521042,,1,0,1.0,-1.0,-1.0,1.0,0.0,0.0,,,3.0,4.0,1.0
395,521092,,1,0,1.0,,,1.0,0.0,0.0,,,3.0,3.0,1.0
396,521060,,1,0,1.0,-1.0,,1.0,1.0,0.0,,,3.0,1.0,2.0
397,521183,,1,0,1.0,-1.0,-1.0,1.0,0.0,0.0,,,2.0,3.0,1.0
398,521130,10,1,0,1.0,-1.0,-1.0,1.0,1.0,-1.0,,,3.0,4.0,2.0
399,521146,,1,0,1.0,-1.0,-1.0,1.0,1.0,0.0,,,3.0,4.0,2.0
400,521162,,1,1,1.0,-1.0,-1.0,1.0,0.0,0.0,,1.0,3.0,4.0,2.0
401,521205,10,1,0,1.0,-1.0,-1.0,1.0,0.0,1.0,,1.0,3.0,4.0,1.0
402,521268,,1,0,1.0,-1.0,-1.0,1.0,1.0,0.0,,,3.0,4.0,1.0
403,521286,,1,0,1.0,-1.0,-1.0,1.0,0.0,0.0,,,3.0,4.0,2.0
404,521234,,1,0,0.0,-1.0,-1.0,1.0,1.0,0.0,,,3.0,4.0,2.0
405,521124,,1,0,1.0,0.0,-1.0,1.0,0.0,0.0,,,3.0,4.0,2.0
406,521230,,1,0,1.0,-1.0,-1.0,0.0,0.0,0.0,,,3.0,4.0,
407,530321,,1,0,1.0,-1.0,-1.0,1.0,0.0,0.0,,,2.0,3.0,2.0
408,530186,10,1,0,1.0,-1.0,-1.0,1.0,0.0,1.0,,,3.0,4.0,2.0
409,530186,,1,0,1.0,-1.0,-1.0,1.0,0.0,-1.0,,,3.0,4.0,2.0
410,530012,,1,0,1.0,-1.0,-1.0,1.0,0.0,0.0,,,2.0,4.0,1.0
411,530005,,1,0,1.0,-1.0,-1.0,-1.0,0.0,0.0,,,3.0,4.0,1.0
412,530098,,1,0,1.0,-1.0,-1.0,0.0,0.0,0.0,,,3.0,4.0,1.0
413,530125,,1,0,1.0,-1.0,-1.0,0.0,0.0,0.0,,,3.0,4.0,
414,530131,,1,1,1.0,-1.0,-1.0,0.0,0.0,0.0,,,3.0,4.0,
415,53023,,1,0,1.0,-1.0,-1.0,0.0,-1.0,0.0,0.0,0.0,2.0,3.0,
416,530303,,1,0,1.0,-1.0,-1.0,0.0,0.0,0.0,,,3.0,4.0,
417,530170,,1,0,1.0,-1.0,-1.0,0.0,0.0,0.0,,,3.0,,
418,530082,,1,0,1.0,-1.0,-1.0,0.0,0.0,0.0,,,3.0,,
419,530120,,1,0,1.0,-1.0,-1.0,0.0,0.0,0.0,,,3.0,,
420,530314,,1,0,1.0,-1.0,-1.0,0.0,0.0,0.0,,,3.0,,
421,530190,,1,0,1.0,-1.0,-1.0,0.0,0.0,0.0,,,3.0,,
422,530325,,1,0,1.0,-1.0,-1.0,1.0,0.0,0.0,,,3.0,4.0,2.0
423,53413,,1,0,1.0,-1.0,-1.0,1.0,0.0,0.0,,,3.0,4.0,2.0
424,530253,,1,0,1.0,-1.0,-1.0,1.0,0.0,0.0,,,3.0,,2.0
425,530149,,1,0,1.0,-1.0,-1.0,1.0,0.0,0.0,,,2.0,2.0,1.0
426,53252,,1,0,1.0,-1.0,-1.0,-1.0,0.0,0.0,,,3.0,3.0,1.0
427,530193,,1,0,1.0,-1.0,-1.0,1.0,-1.0,0.0,,,3.0,4.0,2.0
428,550030,,1,0,1.0,-1.0,-1.0,1.0,0.0,0.0,,,3.0,3.0,2.0
429,550166,,1,0,1.0,-1.0,-1.0,0.0,0.0,0.0,,,3.0,,
430,550042,,1,0,1.0,-1.0,0.0,0.0,0.0,0.0,,,2.0,4.0,
431,550046,,1,0,1.0,-1.0,-1.0,0.0,0.0,0.0,,,3.0,4.0,
432,550094,,1,0,1.0,-1.0,-1.0,-1.0,0.0,0.0,,,3.0,4.0,2.0
433,540160,,1,0,1.0,-1.0,-1.0,1.0,0.0,0.0,,,3.0,4.0,2.0
434,540199,,1,0,1.0,-1.0,-1.0,0.0,0.0,0.0,,,3.0,4.0,
435,540014,,1,0,1.0,-1.0,-1.0,0.0,0.0,0.0,,,3.0,4.0,
436,540095,,1,0,1.0,-1.0,-1.0,0.0,0.0,0.0,,,3.0,4.0,
437,540183,,1,0,1.0,-1.0,-1.0,0.0,0.0,0.0,,,3.0,4.0,
438,560085,,1,0,1.0,-1.0,-1.0,0.0,0.0,0.0,1.0,1.0,3.0,4.0,
439,560003,,1,0,1.0,-1.0,-1.0,1.0,0.0,0.0,,,3.0,4.0,1.0
440,570141,,1,1,1.0,-1.0,-1.0,0.0,0.0,0.0,,,3.0,4.0,
441,570042,,1,0,1.0,-1.0,-1.0,-1.0,,0.0,,,3.0,4.0,
442,570136,,0,0,1.0,-1.0,-1.0,0.0,0.0,0.0,0.0,0.0,3.0,4.0,
443,570116,,1,0,1.0,-1.0,-1.0,0.0,0.0,0.0,,,2.0,3.0,
444,570110,,1,0,1.0,-1.0,-1.0,0.0,0.0,0.0,,,3.0,4.0,
445,570068,,1,0,1.0,-1.0,-1.0,0.0,0.0,0.0,,,3.0,,
446,570043,,1,0,1.0,-1.0,-1.0,0.0,0.0,0.0,,,3.0,4.0,
447,560205,,1,0,1.0,0.0,-1.0,0.0,0.0,0.0,,,3.0,4.0,
448,560219,,1,0,1.0,-1.0,-1.0,0.0,0.0,0.0,,,3.0,4.0,
449,560217,,1,0,1.0,-1.0,-1.0,0.0,0.0,0.0,,,3.0,4.0,
450,560136,,1,0,1.0,-1.0,-1.0,0.0,0.0,0.0,,,3.0,4.0,
451,501125,,1,0,1.0,-1.0,-1.0,1.0,0.0,0.0,,,3.0,5.0,1.0
452,501127,,1,0,1.0,-1.0,-1.0,-1.0,1.0,0.0,,,4.0,5.0,
453,501131,,0,0,0.0,-1.0,-1.0,-1.0,0.0,0.0,,,4.0,4.0,
454,501157,,1,0,1.0,-1.0,-1.0,0.0,0.0,0.0,,,3.0,4.0,
455,501158,,1,0,1.0,-1.0,-1.0,1.0,1.0,0.0,,,4.0,5.0,1.0
456,501162,10,1,0,1.0,-1.0,-1.0,0.0,0.0,1.0,,,3.0,4.0,
457,501165,,1,0,1.0,-1.0,-1.0,0.0,0.0,0.0,,,3.0,4.0,
458,501169,,1,0,1.0,-1.0,-1.0,0.0,0.0,0.0,,,3.0,4.0,
459,502403,,1,0,1.0,-1.0,-1.0,0.0,1.0,0.0,,,3.0,4.0,
460,501120,,1,0,1.0,-1.0,-1.0,0.0,0.0,,0.0,1.0,4.0,5.0,
461,501163,,1,0,1.0,-1.0,-1.0,0.0,0.0,,0.0,1.0,4.0,5.0,
462,503000,,1,1,1.0,-1.0,-1.0,0.0,0.0,0.0,,,4.0,5.0,
463,502508,,1,0,1.0,0.0,0.0,0.0,0.0,0.0,,,4.0,5.0,
464,501200,,1,0,1.0,0.0,0.0,0.0,0.0,0.0,,,4.0,5.0,
465,501123,,1,0,1.0,0.0,0.0,1.0,0.0,0.0,,,4.0,5.0,2.0
466,501217,,1,0,1.0,0.0,0.0,1.0,0.0,0.0,,,4.0,5.0,2.0
467,502525,,1,0,1.0,0.0,0.0,0.0,0.0,0.0,,,4.0,5.0,2.0
468,503336,,1,0,1.0,0.0,0.0,0.0,0.0,0.0,,,4.0,5.0,2.0
469,503356,,1,0,1.0,0.0,0.0,0.0,0.0,0.0,,,4.0,5.0,2.0
