,renewvia_id,avg_household_income_pre,appliances_count_pre,cellphones_count_pre,light_hours_current_pre,kerosene_lamps_count_pre,business_owners_count_pre,business_owners_female_pre,community_lights_pre,home_exterior_lights_pre,clinic_refrigeration_access_pre,cooking_fuel_collection_time_pre,cooking_energy_cost_pre,feel_safe_dark_pre,feel_safe_if_exterior_lights_pre,water_source_pre,water_collection_travel_distance_pre,water_collection_time_pre,water_cost_pre,clinic_travel_distance_pre,phone_charge_cost_pre,avg_household_income_post,appliances_count_post,cellphones_count_post,light_hours_current_post,kerosene_lamps_count_post,business_owners_count_post,business_owners_female_post,community_lights_post,home_exterior_lights_post,clinic_refrigeration_access_post,cooking_fuel_collection_time_post,cooking_energy_cost_post,feel_safe_dark_post,feel_safe_if_exterior_lights_post,water_source_post,water_collection_travel_distance_post,water_collection_time_post,water_cost_post,clinic_travel_distance_post,phone_charge_cost_post
0,141223,1000.0,3.0,2.0,5.0,0.0,1,0,1.0,1.0,,3.0,3.0,1.0,5.0,3.0,,,,,,1000.0,2.0,,5.0,0.0,1,1,1.0,1.0,,1.0,2.0,1.0,5.0,3.0,1.0,1.0,3.0,,
1,131268,0.0,2.0,1.0,5.0,0.0,0,0,0.0,0.0,1.0,1.0,3.0,1.0,5.0,3.0,2.0,1.0,1.0,,,0.0,1.0,,2.0,0.0,0,0,0.0,0.0,,1.0,1.0,5.0,5.0,4.0,1.0,1.0,1.0,,
2,131268,0.0,2.0,1.0,5.0,0.0,0,0,0.0,0.0,1.0,1.0,3.0,1.0,5.0,3.0,2.0,1.0,1.0,,,9000.0,1.0,1.0,4.0,1.0,0,0,0.0,0.0,1.0,1.0,3.0,1.0,5.0,4.0,2.0,1.0,1.0,2.0,
3,131427,1.0,24.0,3.0,2.0,3.0,0,0,1.0,1.0,,2.0,2.0,5.0,5.0,4.0,2.0,1.0,1.0,,2.0,4000.0,2.0,,2.0,0.0,0,0,0.0,0.0,,1.0,1.0,5.0,5.0,4.0,1.0,1.0,1.0,,
4,141140,15000.0,3.0,3.0,5.0,0.0,1,0,1.0,1.0,1.0,2.0,3.0,2.0,5.0,3.0,3.0,1.0,1.0,2.0,,1500.0,3.0,,7.0,0.0,0,0,1.0,1.0,,2.0,2.0,1.0,5.0,3.0,1.0,1.0,3.0,,
5,161018,,,,,0.0,1,0,1.0,,,2.0,2.0,5.0,5.0,,,,,,,7000.0,3.0,,3.0,3.0,0,0,0.0,0.0,,2.0,3.0,1.0,5.0,2.0,1.0,1.0,1.0,,
6,161018,30000.0,0.0,2.0,5.0,0.0,1,0,1.0,1.0,1.0,1.0,5.0,2.0,5.0,2.0,2.0,1.0,1.0,,,7000.0,3.0,,3.0,3.0,0,0,0.0,0.0,,2.0,3.0,1.0,5.0,2.0,1.0,1.0,1.0,,
7,151233,4000.0,3.0,3.0,4.0,0.0,0,0,0.0,0.0,1.0,3.0,4.0,1.0,5.0,3.0,3.0,3.0,3.0,3.0,,2000.0,3.0,,24.0,2.0,0,0,0.0,1.0,,1.0,1.0,1.0,5.0,3.0,2.0,3.0,2.0,,
8,151234,5000.0,3.0,3.0,4.0,0.0,0,0,0.0,0.0,1.0,4.0,3.0,1.0,5.0,3.0,3.0,3.0,3.0,3.0,,3000.0,2.0,,24.0,1.0,0,0,0.0,1.0,,1.0,1.0,1.0,5.0,3.0,2.0,2.0,2.0,,
9,151235,4000.0,3.0,3.0,12.0,0.0,0,0,0.0,1.0,1.0,4.0,4.0,1.0,5.0,3.0,3.0,3.0,3.0,2.0,,3000.0,2.0,,24.0,1.0,1,0,0.0,1.0,,1.0,1.0,1.0,5.0,3.0,2.0,3.0,2.0,,
10,151205,5000.0,,2.0,4.0,0.0,0,0,0.0,1.0,1.0,3.0,3.0,1.0,5.0,3.0,3.0,2.0,3.0,2.0,,3000.0,4.0,,24.0,2.0,1,0,0.0,1.0,,1.0,2.0,1.0,5.0,2.0,2.0,2.0,2.0,,
11,151210,10000.0,3.0,2.0,4.0,0.0,0,0,0.0,1.0,1.0,3.0,,1.0,5.0,3.0,3.0,2.0,1.0,2.0,,4000.0,3.0,,24.0,2.0,0,0,1.0,1.0,,2.0,1.0,1.0,5.0,3.0,3.0,2.0,2.0,,
12,151211,5000.0,4.0,3.0,4.0,0.0,0,0,0.0,0.0,1.0,3.0,3.0,1.0,5.0,3.0,3.0,2.0,3.0,2.0,,5000.0,6.0,,24.0,2.0,1,0,0.0,1.0,,1.0,1.0,5.0,5.0,2.0,2.0,5.0,3.0,,
13,224642,500.0,2.0,3.0,12.0,2.0,0,0,1.0,1.0,1.0,3.0,3.0,1.0,5.0,3.0,2.0,3.0,2.0,,,0.0,1.0,1.0,3.0,1.0,0,0,0.0,1.0,1.0,2.0,1.0,1.0,5.0,,1.0,1.0,1.0,,
14,224688,500.0,4.0,6.0,4.0,1.0,1,0,1.0,1.0,,3.0,4.0,1.0,5.0,3.0,,,,,3.0,10000.0,4.0,4.0,4.0,4.0,1,1,0.0,1.0,1.0,2.0,1.0,1.0,5.0,3.0,2.0,2.0,2.0,,
15,224699,6000.0,3.0,4.0,7.0,1.0,1,0,1.0,1.0,1.0,3.0,4.0,1.0,5.0,3.0,3.0,3.0,3.0,3.0,4.0,10000.0,1.0,1.0,3.0,1.0,1,0,0.0,1.0,1.0,2.0,1.0,1.0,5.0,3.0,2.0,2.0,2.0,,
16,224683,50.0,3.0,6.0,4.0,2.0,2,1,1.0,1.0,0.0,2.0,2.0,2.0,1.0,3.0,3.0,2.0,3.0,,,2000.0,1.0,1.0,5.0,1.0,1,1,0.0,0.0,1.0,4.0,1.0,1.0,5.0,3.0,1.0,2.0,2.0,,
17,224828,1000.0,3.0,8.0,4.0,4.0,1,0,1.0,1.0,0.0,3.0,3.0,5.0,3.0,3.0,3.0,2.0,3.0,,2.0,30000.0,2.0,2.0,5.0,2.0,1,0,0.0,0.0,1.0,3.0,2.0,1.0,5.0,3.0,1.0,3.0,2.0,,
18,224589,1000.0,5.0,2.0,2.0,2.0,0,0,1.0,1.0,0.0,3.0,3.0,5.0,1.0,3.0,2.0,2.0,3.0,2.0,3.0,25000.0,2.0,3.0,4.0,2.0,1,1,0.0,0.0,1.0,1.0,1.0,1.0,5.0,3.0,1.0,2.0,2.0,,
19,224603,1500.0,2.0,3.0,3.0,2.0,1,0,1.0,1.0,0.0,3.0,3.0,5.0,5.0,3.0,2.0,2.0,3.0,,4.0,4000.0,1.0,1.0,3.0,1.0,1,0,0.0,0.0,1.0,1.0,1.0,1.0,5.0,3.0,1.0,1.0,2.0,,
20,224878,1000.0,3.0,4.0,,2.0,0,0,1.0,1.0,0.0,2.0,3.0,5.0,5.0,3.0,,2.0,2.0,,3.0,3800.0,1.0,1.0,5.0,1.0,0,0,0.0,0.0,1.0,2.0,2.0,1.0,5.0,3.0,1.0,1.0,2.0,,
21,224585,500.0,3.0,4.0,2.0,2.0,0,0,1.0,1.0,0.0,3.0,3.0,5.0,5.0,1.0,3.0,2.0,3.0,2.0,3.0,0.0,2.0,2.0,3.0,1.0,0,0,0.0,1.0,1.0,2.0,1.0,1.0,5.0,3.0,1.0,1.0,2.0,,
22,224815,9000.0,2.0,5.0,5.0,1.0,1,1,1.0,1.0,1.0,4.0,4.0,1.0,5.0,3.0,3.0,3.0,3.0,2.0,4.0,250000.0,1.0,2.0,5.0,1.0,1,0,0.0,0.0,1.0,3.0,1.0,1.0,5.0,3.0,1.0,2.0,2.0,,
23,224815,1000.0,5.0,5.0,5.0,1.0,0,0,1.0,1.0,1.0,4.0,4.0,1.0,5.0,3.0,3.0,2.0,2.0,2.0,3.0,250000.0,1.0,2.0,5.0,1.0,1,0,0.0,0.0,1.0,3.0,1.0,1.0,5.0,3.0,1.0,2.0,2.0,,
24,224792,1000.0,2.0,8.0,4.0,2.0,1,1,1.0,1.0,0.0,3.0,3.0,5.0,5.0,3.0,3.0,2.0,2.0,2.0,3.0,25000.0,1.0,2.0,,1.0,1,0,0.0,0.0,1.0,1.0,1.0,1.0,5.0,3.0,1.0,1.0,2.0,,
25,224804,1000.0,2.0,9.0,3.0,4.0,1,1,1.0,1.0,0.0,3.0,3.0,5.0,5.0,3.0,3.0,2.0,2.0,,4.0,30000.0,3.0,3.0,12.0,1.0,1,0,0.0,1.0,1.0,2.0,2.0,1.0,5.0,3.0,1.0,2.0,3.0,,
26,224881,5000.0,2.0,8.0,3.0,2.0,0,0,1.0,1.0,0.0,3.0,3.0,1.0,5.0,1.0,3.0,2.0,2.0,,3.0,9000.0,1.0,1.0,3.0,1.0,1,1,0.0,0.0,1.0,1.0,1.0,1.0,5.0,3.0,1.0,4.0,2.0,,
27,224635,3000.0,2.0,9.0,3.0,2.0,1,1,1.0,1.0,0.0,2.0,3.0,5.0,5.0,3.0,3.0,2.0,2.0,,4.0,10000.0,1.0,2.0,3.0,1.0,1,1,0.0,1.0,1.0,2.0,1.0,1.0,5.0,,1.0,2.0,2.0,,
28,224759,5000.0,3.0,8.0,2.0,2.0,0,0,1.0,1.0,0.0,3.0,4.0,5.0,5.0,3.0,2.0,2.0,3.0,2.0,3.0,3000.0,0.0,1.0,3.0,1.0,0,0,0.0,1.0,1.0,1.0,1.0,1.0,5.0,,1.0,1.0,1.0,,
29,224646,4000.0,2.0,4.0,2.0,2.0,2,1,1.0,1.0,1.0,2.0,3.0,5.0,5.0,3.0,2.0,2.0,3.0,2.0,3.0,20000.0,3.0,3.0,3.0,1.0,1,1,0.0,1.0,1.0,1.0,1.0,1.0,5.0,3.0,1.0,2.0,2.0,,
30,224711,400.0,2.0,2.0,3.0,2.0,1,1,1.0,1.0,0.0,3.0,4.0,5.0,5.0,3.0,2.0,2.0,2.0,2.0,3.0,12000.0,1.0,2.0,3.0,1.0,0,0,0.0,0.0,1.0,3.0,2.0,1.0,5.0,3.0,1.0,3.0,2.0,,
31,224659,330.0,3.0,3.0,2.0,3.0,1,1,0.0,0.0,0.0,3.0,3.0,5.0,5.0,3.0,2.0,2.0,2.0,2.0,3.0,5000.0,1.0,2.0,3.0,1.0,1,1,1.0,1.0,1.0,2.0,1.0,1.0,5.0,3.0,1.0,2.0,1.0,,
32,242210,3500.0,2.0,5.0,5.0,0.0,1,0,1.0,0.0,1.0,1.0,,1.0,5.0,3.0,2.0,2.0,1.0,2.0,,4500.0,3.0,2.0,4.0,0.0,0,0,0.0,0.0,1.0,2.0,1.0,3.0,4.0,3.0,2.0,1.0,2.0,2.0,
33,242136,10000.0,5.0,6.0,3.0,1.0,1,1,1.0,1.0,1.0,2.0,2.0,1.0,5.0,3.0,2.0,1.0,1.0,,3.0,36000.0,3.0,2.0,6.0,2.0,1,1,0.0,0.0,1.0,3.0,2.0,1.0,5.0,3.0,1.0,2.0,2.0,,
34,242215,0.0,1.0,4.0,5.0,0.0,0,0,1.0,0.0,,1.0,,1.0,5.0,3.0,2.0,3.0,2.0,2.0,,3600.0,2.0,2.0,5.0,0.0,0,0,0.0,0.0,1.0,1.0,1.0,5.0,5.0,3.0,1.0,1.0,2.0,,
35,242215,0.0,1.0,4.0,5.0,0.0,0,0,1.0,0.0,,1.0,,1.0,5.0,3.0,2.0,3.0,2.0,2.0,,0.0,1.0,1.0,2.0,0.0,0,0,0.0,0.0,1.0,1.0,1.0,1.0,5.0,3.0,1.0,1.0,1.0,,
36,242131,350.0,4.0,6.0,3.0,0.0,1,0,1.0,1.0,1.0,2.0,2.0,1.0,5.0,3.0,2.0,1.0,1.0,,2.0,14000.0,3.0,3.0,2.0,0.0,1,0,0.0,0.0,1.0,1.0,1.0,1.0,5.0,3.0,1.0,1.0,1.0,,
37,242149,15000.0,,5.0,2.0,1.0,1,1,1.0,0.0,1.0,3.0,3.0,1.0,5.0,3.0,2.0,2.0,1.0,,3.0,20000.0,1.0,2.0,5.0,1.0,1,0,0.0,0.0,1.0,2.0,2.0,1.0,5.0,3.0,1.0,1.0,1.0,,
38,242160,10000.0,2.0,3.0,2.0,4.0,1,1,1.0,0.0,1.0,2.0,3.0,1.0,5.0,3.0,3.0,2.0,3.0,,3.0,2060.0,2.0,1.0,6.0,2.0,1,1,0.0,0.0,1.0,2.0,1.0,1.0,5.0,3.0,1.0,1.0,2.0,2.0,
39,242222,0.0,3.0,5.0,4.0,0.0,0,0,1.0,0.0,1.0,3.0,3.0,1.0,5.0,3.0,3.0,2.0,2.0,,3.0,10000.0,1.0,2.0,2.0,0.0,1,0,0.0,0.0,1.0,1.0,1.0,1.0,5.0,3.0,1.0,1.0,1.0,,
40,242165,20000.0,2.0,3.0,3.0,6.0,1,1,1.0,0.0,1.0,3.0,3.0,1.0,5.0,3.0,3.0,2.0,1.0,3.0,3.0,35000.0,2.0,2.0,4.0,2.0,0,0,0.0,0.0,1.0,2.0,1.0,1.0,5.0,3.0,1.0,2.0,2.0,,
41,242175,15000.0,2.0,5.0,2.0,5.0,1,1,1.0,0.0,1.0,3.0,3.0,1.0,5.0,3.0,3.0,2.0,3.0,2.0,3.0,25000.0,1.0,2.0,2.0,0.0,1,0,0.0,0.0,1.0,1.0,1.0,1.0,5.0,3.0,1.0,1.0,1.0,,
42,242175,15000.0,2.0,5.0,2.0,5.0,1,1,1.0,0.0,1.0,3.0,3.0,1.0,5.0,3.0,3.0,2.0,3.0,2.0,3.0,24000.0,3.0,2.0,6.0,2.0,0,0,0.0,0.0,1.0,2.0,2.0,2.0,5.0,4.0,1.0,3.0,2.0,,
43,242293,5000.0,4.0,3.0,6.0,0.0,1,1,1.0,0.0,1.0,3.0,2.0,1.0,5.0,3.0,2.0,1.0,1.0,,,15000.0,1.0,2.0,2.0,0.0,0,0,0.0,0.0,1.0,1.0,1.0,1.0,5.0,3.0,1.0,1.0,1.0,,
44,242176,10000.0,2.0,2.0,6.0,5.0,1,1,1.0,0.0,1.0,3.0,3.0,1.0,5.0,2.0,4.0,2.0,3.0,2.0,3.0,16000.0,3.0,4.0,5.0,0.0,0,0,0.0,0.0,1.0,3.0,3.0,1.0,5.0,3.0,2.0,2.0,2.0,2.0,
45,242230,0.0,2.0,4.0,4.0,0.0,0,0,1.0,0.0,1.0,3.0,,1.0,5.0,3.0,3.0,2.0,2.0,2.0,3.0,7000.0,2.0,3.0,0.0,0.0,0,0,0.0,0.0,1.0,2.0,1.0,4.0,4.0,3.0,1.0,1.0,2.0,2.0,
46,242190,10000.0,2.0,5.0,2.0,4.0,1,1,1.0,0.0,1.0,3.0,3.0,1.0,5.0,3.0,4.0,2.0,3.0,2.0,3.0,6900.0,2.0,2.0,5.0,2.0,0,0,0.0,0.0,1.0,3.0,1.0,1.0,5.0,4.0,1.0,4.0,2.0,,
47,242231,0.0,2.0,3.0,5.0,0.0,0,0,1.0,0.0,1.0,3.0,,1.0,5.0,3.0,3.0,2.0,1.0,2.0,3.0,19000.0,2.0,1.0,3.0,0.0,0,0,0.0,0.0,1.0,1.0,1.0,2.0,5.0,,1.0,1.0,2.0,,
48,242204,12000.0,,,,2.0,1,1,1.0,1.0,1.0,3.0,3.0,1.0,5.0,3.0,3.0,2.0,3.0,2.0,3.0,8000.0,2.0,1.0,6.0,2.0,1,1,0.0,0.0,1.0,2.0,2.0,1.0,5.0,3.0,2.0,2.0,2.0,3.0,
49,242204,15000.0,2.0,2.0,,5.0,1,1,1.0,0.0,1.0,3.0,3.0,1.0,5.0,3.0,3.0,2.0,1.0,,3.0,8000.0,2.0,1.0,6.0,2.0,1,1,0.0,0.0,1.0,2.0,2.0,1.0,5.0,3.0,2.0,2.0,2.0,3.0,
50,242206,10000.0,,5.0,5.0,2.0,1,1,1.0,1.0,1.0,3.0,3.0,1.0,5.0,3.0,3.0,2.0,3.0,2.0,3.0,600.0,1.0,1.0,1.0,0.0,0,0,0.0,0.0,1.0,1.0,1.0,1.0,5.0,3.0,1.0,1.0,1.0,,
51,242245,0.0,0.0,3.0,4.0,0.0,0,0,1.0,0.0,1.0,3.0,3.0,1.0,5.0,3.0,3.0,3.0,2.0,2.0,3.0,35000.0,3.0,2.0,,2.0,0,0,0.0,0.0,1.0,3.0,2.0,1.0,1.0,3.0,1.0,1.0,2.0,,
52,242208,15000.0,5.0,7.0,6.0,1.0,1,1,1.0,1.0,1.0,2.0,3.0,1.0,5.0,3.0,2.0,1.0,1.0,,3.0,7000.0,2.0,2.0,6.0,2.0,0,0,0.0,0.0,1.0,3.0,1.0,2.0,1.0,3.0,2.0,2.0,2.0,,
53,242153,300.0,7.0,8.0,4.0,0.0,1,0,1.0,1.0,1.0,2.0,2.0,1.0,5.0,3.0,2.0,1.0,1.0,,2.0,32000.0,3.0,2.0,4.0,3.0,0,0,0.0,0.0,1.0,3.0,2.0,1.0,5.0,3.0,3.0,2.0,2.0,,
54,242155,500.0,4.0,6.0,,0.0,1,0,1.0,1.0,1.0,2.0,2.0,1.0,5.0,3.0,2.0,1.0,1.0,,2.0,500000.0,4.0,3.0,8.0,0.0,0,0,0.0,0.0,1.0,3.0,3.0,1.0,5.0,4.0,1.0,1.0,1.0,,
55,242216,15000.0,5.0,2.0,,4.0,1,1,1.0,0.0,1.0,3.0,3.0,1.0,5.0,3.0,3.0,2.0,3.0,2.0,3.0,14500.0,3.0,2.0,5.0,1.0,1,1,0.0,0.0,1.0,3.0,1.0,3.0,2.0,3.0,2.0,3.0,2.0,,
56,242224,20000.0,5.0,2.0,5.0,5.0,1,1,1.0,1.0,1.0,3.0,3.0,1.0,5.0,3.0,3.0,2.0,1.0,2.0,3.0,7800.0,3.0,3.0,7.0,1.0,0,0,0.0,0.0,1.0,3.0,1.0,2.0,1.0,3.0,1.0,1.0,2.0,2.0,
57,242225,15800.0,5.0,4.0,5.0,4.0,1,1,1.0,1.0,1.0,3.0,3.0,1.0,5.0,3.0,3.0,2.0,1.0,,3.0,5000.0,3.0,2.0,5.0,7.0,1,0,0.0,0.0,1.0,2.0,1.0,5.0,1.0,3.0,1.0,1.0,2.0,,
58,242228,15000.0,5.0,8.0,5.0,5.0,1,1,1.0,1.0,1.0,3.0,3.0,5.0,5.0,3.0,3.0,2.0,1.0,,3.0,1000.0,1.0,2.0,2.0,0.0,1,1,0.0,0.0,1.0,1.0,1.0,1.0,5.0,3.0,1.0,1.0,1.0,,
59,242237,15000.0,2.0,5.0,5.0,8.0,1,1,1.0,1.0,1.0,3.0,3.0,5.0,5.0,3.0,3.0,2.0,3.0,2.0,3.0,3000.0,2.0,2.0,3.0,1.0,0,0,0.0,0.0,1.0,3.0,1.0,1.0,2.0,3.0,2.0,1.0,2.0,2.0,
60,242250,20000.0,,5.0,5.0,5.0,1,1,1.0,1.0,1.0,3.0,3.0,1.0,5.0,3.0,3.0,2.0,1.0,2.0,3.0,9000.0,3.0,3.0,4.0,1.0,1,1,0.0,0.0,1.0,4.0,1.0,2.0,3.0,3.0,2.0,2.0,2.0,2.0,
61,242288,5000.0,,5.0,5.0,8.0,1,1,1.0,1.0,1.0,3.0,3.0,1.0,5.0,3.0,3.0,2.0,1.0,,3.0,15000.0,2.0,1.0,2.0,1.0,1,0,0.0,0.0,1.0,3.0,2.0,1.0,5.0,3.0,1.0,1.0,1.0,,
62,242291,4000.0,5.0,8.0,8.0,2.0,1,0,1.0,1.0,1.0,3.0,3.0,1.0,5.0,3.0,3.0,2.0,1.0,,3.0,450.0,1.0,1.0,2.0,0.0,0,0,0.0,0.0,1.0,1.0,1.0,1.0,5.0,3.0,1.0,1.0,1.0,,
63,242314,7000.0,5.0,5.0,2.0,1.0,1,1,1.0,1.0,1.0,3.0,3.0,1.0,5.0,3.0,3.0,2.0,1.0,,3.0,7000.0,2.0,2.0,7.0,2.0,1,1,0.0,0.0,1.0,3.0,2.0,2.0,5.0,3.0,2.0,2.0,2.0,,
64,242327,2000.0,,5.0,8.0,5.0,2,1,1.0,1.0,1.0,3.0,3.0,1.0,5.0,3.0,4.0,2.0,3.0,,3.0,1320.0,2.0,1.0,1.0,0.0,1,0,0.0,0.0,1.0,1.0,1.0,1.0,5.0,3.0,1.0,1.0,1.0,,
65,252114,5000.0,2.0,2.0,4.0,0.0,1,0,1.0,1.0,0.0,2.0,3.0,2.0,4.0,3.0,3.0,2.0,2.0,2.0,,5000.0,1.0,2.0,1.0,1.0,0,0,0.0,1.0,1.0,3.0,2.0,2.0,5.0,3.0,2.0,2.0,2.0,2.0,
66,252114,18000.0,,4.0,3.0,0.0,2,1,1.0,1.0,0.0,2.0,3.0,2.0,5.0,3.0,3.0,2.0,2.0,2.0,,5000.0,1.0,2.0,1.0,1.0,0,0,0.0,1.0,1.0,3.0,2.0,2.0,5.0,3.0,2.0,2.0,2.0,2.0,
67,252143,3.0,2.0,2.0,1.0,1.0,1,1,1.0,0.0,0.0,1.0,,5.0,4.0,3.0,3.0,2.0,2.0,2.0,,6600.0,2.0,2.0,3.0,1.0,1,1,0.0,1.0,1.0,1.0,2.0,2.0,5.0,3.0,2.0,2.0,2.0,,
68,252113,8000.0,3.0,2.0,3.0,0.0,1,1,1.0,1.0,0.0,2.0,3.0,1.0,5.0,3.0,3.0,2.0,2.0,2.0,,6000.0,1.0,0.0,4.0,0.0,0,0,0.0,1.0,1.0,2.0,2.0,4.0,5.0,3.0,1.0,1.0,2.0,,
69,252216,15000.0,4.0,3.0,4.0,0.0,1,0,1.0,1.0,0.0,2.0,3.0,2.0,5.0,3.0,3.0,2.0,2.0,2.0,,8500.0,0.0,1.0,3.0,0.0,0,0,0.0,0.0,1.0,2.0,2.0,2.0,5.0,3.0,1.0,1.0,2.0,2.0,
70,252129,10000.0,3.0,2.0,4.0,0.0,2,1,1.0,1.0,0.0,2.0,3.0,1.0,5.0,3.0,3.0,2.0,2.0,2.0,,6000.0,1.0,2.0,4.0,1.0,0,0,0.0,1.0,1.0,2.0,1.0,4.0,5.0,3.0,2.0,3.0,2.0,2.0,
71,252129,2.0,1.0,2.0,12.0,2.0,1,0,1.0,1.0,0.0,3.0,,4.0,4.0,1.0,3.0,5.0,2.0,2.0,2.0,6000.0,1.0,2.0,4.0,1.0,0,0,0.0,1.0,1.0,2.0,1.0,4.0,5.0,3.0,2.0,3.0,2.0,2.0,
72,252170,2.0,2.0,2.0,4.0,1.0,0,0,1.0,0.0,1.0,1.0,2.0,1.0,1.0,3.0,4.0,4.0,2.0,3.0,2.0,7000.0,0.0,2.0,3.0,0.0,0,0,0.0,0.0,1.0,2.0,2.0,5.0,5.0,3.0,2.0,2.0,2.0,2.0,
73,252175,4.0,2.0,2.0,3.0,2.0,1,1,1.0,0.0,1.0,2.0,2.0,2.0,2.0,1.0,5.0,3.0,2.0,4.0,2.0,5000.0,1.0,2.0,4.0,1.0,0,0,0.0,1.0,1.0,2.0,2.0,4.0,5.0,3.0,2.0,3.0,2.0,2.0,
74,252137,612.0,3.0,2.0,3.0,0.0,0,0,1.0,0.0,1.0,3.0,2.0,2.0,4.0,3.0,2.0,1.0,2.0,,2.0,6000.0,1.0,2.0,4.0,1.0,0,0,0.0,1.0,1.0,2.0,2.0,4.0,5.0,3.0,3.0,3.0,2.0,3.0,
75,252107,5.0,4.0,2.0,1.0,2.0,0,0,1.0,,1.0,3.0,2.0,5.0,5.0,3.0,3.0,2.0,2.0,3.0,,6000.0,1.0,1.0,4.0,1.0,0,0,0.0,1.0,1.0,2.0,2.0,4.0,5.0,3.0,3.0,3.0,2.0,2.0,
76,252147,6.0,4.0,2.0,1.0,1.0,1,1,1.0,0.0,0.0,3.0,2.0,2.0,2.0,2.0,4.0,2.0,2.0,4.0,2.0,6000.0,0.0,1.0,3.0,0.0,0,0,0.0,0.0,1.0,2.0,2.0,2.0,5.0,3.0,2.0,2.0,2.0,2.0,
77,190154,300.0,2.0,1.0,1.0,0.0,1,1,0.0,0.0,0.0,1.0,2.0,1.0,5.0,3.0,3.0,1.0,2.0,,3.0,3000.0,2.0,2.0,2.0,1.0,0,0,0.0,0.0,0.0,2.0,1.0,1.0,5.0,3.0,3.0,2.0,2.0,4.0,
78,252149,3.0,4.0,2.0,1.0,1.0,1,0,1.0,0.0,1.0,2.0,2.0,2.0,2.0,3.0,4.0,2.0,2.0,2.0,2.0,8000.0,2.0,2.0,3.0,1.0,0,0,0.0,1.0,1.0,3.0,2.0,2.0,5.0,3.0,1.0,2.0,2.0,2.0,
79,190287,500.0,2.0,2.0,1.0,0.0,1,0,1.0,0.0,1.0,1.0,2.0,1.0,5.0,3.0,3.0,1.0,3.0,,4.0,2500.0,2.0,2.0,2.0,1.0,0,0,0.0,0.0,0.0,2.0,1.0,1.0,5.0,3.0,3.0,2.0,2.0,3.0,
80,190267,600.0,2.0,2.0,4.0,0.0,1,0,1.0,0.0,0.0,2.0,3.0,1.0,5.0,3.0,2.0,1.0,3.0,,3.0,3500.0,3.0,2.0,5.0,1.0,0,0,0.0,1.0,0.0,2.0,1.0,1.0,5.0,3.0,2.0,2.0,2.0,,
81,190151,600.0,1.0,3.0,2.0,1.0,0,0,1.0,0.0,,2.0,2.0,1.0,5.0,3.0,3.0,2.0,3.0,,3.0,1500.0,1.0,1.0,1.0,1.0,0,0,0.0,0.0,1.0,2.0,1.0,1.0,5.0,3.0,3.0,2.0,2.0,3.0,
82,190257,600.0,2.0,2.0,2.0,2.0,1,1,1.0,1.0,1.0,2.0,2.0,1.0,5.0,3.0,3.0,1.0,2.0,,2.0,800.0,1.0,2.0,3.0,1.0,0,0,0.0,0.0,0.0,3.0,1.0,1.0,5.0,3.0,3.0,3.0,2.0,3.0,
83,190147,200.0,0.0,4.0,5.0,0.0,1,0,1.0,0.0,1.0,2.0,3.0,1.0,5.0,3.0,2.0,1.0,2.0,,3.0,500.0,1.0,1.0,1.0,1.0,0,0,0.0,0.0,0.0,2.0,1.0,1.0,5.0,3.0,3.0,2.0,2.0,3.0,
84,190205,550.0,5.0,5.0,5.0,0.0,1,1,1.0,0.0,1.0,2.0,,1.0,5.0,3.0,2.0,1.0,2.0,,3.0,1000.0,1.0,2.0,4.0,2.0,0,0,1.0,1.0,0.0,2.0,1.0,1.0,5.0,3.0,2.0,2.0,2.0,,
85,190117,800.0,3.0,3.0,6.0,1.0,1,0,1.0,1.0,1.0,3.0,3.0,1.0,5.0,3.0,2.0,2.0,3.0,,3.0,3000.0,2.0,2.0,4.0,3.0,0,0,0.0,1.0,0.0,2.0,1.0,1.0,5.0,3.0,2.0,2.0,2.0,,
86,190201,450.0,2.0,1.0,1.0,1.0,1,0,1.0,1.0,1.0,2.0,2.0,1.0,5.0,3.0,3.0,1.0,2.0,,2.0,1000.0,2.0,2.0,1.0,1.0,0,0,0.0,0.0,0.0,2.0,1.0,1.0,5.0,3.0,3.0,2.0,2.0,3.0,
87,252135,2.0,3.0,2.0,3.0,2.0,1,0,1.0,0.0,1.0,2.0,2.0,3.0,3.0,3.0,2.0,1.0,2.0,,2.0,6500.0,0.0,2.0,4.0,0.0,0,0,0.0,1.0,1.0,2.0,1.0,2.0,5.0,3.0,1.0,1.0,2.0,2.0,
88,190150,300.0,2.0,1.0,2.0,1.0,0,0,1.0,1.0,1.0,2.0,2.0,1.0,5.0,3.0,3.0,1.0,2.0,,2.0,2500.0,2.0,2.0,4.0,2.0,0,0,0.0,0.0,0.0,2.0,1.0,1.0,5.0,3.0,3.0,3.0,2.0,,
89,190157,400.0,2.0,2.0,,1.0,0,0,1.0,0.0,1.0,3.0,3.0,1.0,5.0,3.0,3.0,2.0,3.0,,4.0,1000.0,2.0,1.0,4.0,1.0,0,0,0.0,0.0,0.0,3.0,1.0,1.0,5.0,3.0,2.0,3.0,2.0,,
90,252181,6.0,2.0,2.0,1.0,2.0,1,0,0.0,1.0,1.0,2.0,2.0,3.0,3.0,3.0,2.0,1.0,2.0,,2.0,5000.0,1.0,1.0,4.0,1.0,0,0,0.0,1.0,1.0,2.0,1.0,2.0,5.0,3.0,2.0,2.0,2.0,,
91,252219,8.0,1.0,2.0,3.0,1.0,1,1,1.0,0.0,1.0,3.0,2.0,2.0,2.0,3.0,3.0,3.0,2.0,3.0,2.0,6000.0,2.0,2.0,3.0,2.0,0,0,1.0,1.0,1.0,1.0,1.0,4.0,5.0,3.0,1.0,1.0,2.0,,
92,190169,450.0,2.0,,2.0,1.0,0,0,1.0,1.0,1.0,2.0,2.0,1.0,5.0,3.0,3.0,2.0,2.0,,2.0,3000.0,2.0,2.0,5.0,1.0,0,0,0.0,1.0,0.0,1.0,1.0,1.0,5.0,3.0,2.0,2.0,2.0,,
93,190140,500.0,2.0,4.0,3.0,1.0,0,0,1.0,0.0,1.0,3.0,3.0,1.0,5.0,3.0,3.0,2.0,3.0,,5.0,2500.0,2.0,2.0,3.0,1.0,0,0,0.0,0.0,1.0,2.0,1.0,1.0,5.0,3.0,1.0,1.0,2.0,4.0,
94,190261,300.0,5.0,4.0,6.0,0.0,0,0,1.0,0.0,1.0,2.0,3.0,1.0,5.0,3.0,2.0,1.0,2.0,,3.0,1500.0,2.0,2.0,4.0,2.0,0,0,0.0,1.0,0.0,2.0,1.0,1.0,5.0,3.0,2.0,2.0,2.0,,
95,252190,4.0,3.0,2.0,3.0,1.0,0,0,1.0,1.0,1.0,2.0,2.0,3.0,3.0,3.0,2.0,1.0,2.0,,2.0,6500.0,0.0,1.0,4.0,0.0,0,0,0.0,1.0,1.0,2.0,2.0,2.0,5.0,3.0,2.0,2.0,2.0,2.0,
96,190230,700.0,1.0,2.0,4.0,0.0,0,0,1.0,0.0,1.0,3.0,2.0,1.0,5.0,3.0,3.0,2.0,2.0,,5.0,4000.0,2.0,2.0,4.0,2.0,0,0,0.0,1.0,0.0,2.0,1.0,1.0,5.0,3.0,2.0,2.0,2.0,,
97,252102,8.0,5.0,2.0,2.0,2.0,0,0,1.0,0.0,1.0,3.0,2.0,2.0,2.0,3.0,3.0,3.0,2.0,3.0,2.0,5000.0,3.0,2.0,4.0,0.0,0,0,0.0,0.0,1.0,2.0,2.0,4.0,5.0,3.0,1.0,1.0,2.0,,
98,252102,2.0,2.0,3.0,4.0,0.0,0,0,1.0,1.0,1.0,2.0,2.0,3.0,3.0,3.0,2.0,1.0,2.0,,2.0,5000.0,3.0,2.0,4.0,0.0,0,0,0.0,0.0,1.0,2.0,2.0,4.0,5.0,3.0,1.0,1.0,2.0,,
99,190206,500.0,2.0,2.0,2.0,0.0,0,0,1.0,1.0,1.0,2.0,2.0,1.0,5.0,3.0,3.0,1.0,2.0,,2.0,1000.0,2.0,2.0,2.0,1.0,0,0,0.0,0.0,0.0,2.0,1.0,1.0,5.0,3.0,3.0,2.0,2.0,3.0,
100,252189,2.0,2.0,1.0,1.0,2.0,1,0,1.0,1.0,1.0,2.0,2.0,3.0,3.0,3.0,2.0,1.0,2.0,,2.0,5000.0,1.0,2.0,4.0,1.0,0,0,0.0,,1.0,2.0,2.0,2.0,5.0,3.0,1.0,2.0,2.0,2.0,
101,190262,300.0,5.0,5.0,4.0,0.0,1,0,1.0,0.0,1.0,2.0,3.0,1.0,5.0,3.0,,1.0,2.0,,3.0,2500.0,2.0,2.0,4.0,2.0,0,0,0.0,1.0,0.0,2.0,1.0,1.0,5.0,3.0,2.0,2.0,2.0,,
102,252111,2.0,2.0,2.0,3.0,0.0,1,1,1.0,1.0,1.0,2.0,2.0,3.0,3.0,3.0,2.0,1.0,2.0,,2.0,6000.0,0.0,2.0,4.0,0.0,0,0,0.0,1.0,1.0,2.0,2.0,4.0,5.0,3.0,2.0,2.0,2.0,2.0,
103,190219,500.0,2.0,2.0,4.0,0.0,0,0,1.0,0.0,1.0,1.0,2.0,1.0,5.0,3.0,3.0,2.0,3.0,,4.0,2000.0,3.0,2.0,4.0,2.0,0,0,0.0,1.0,0.0,1.0,1.0,1.0,5.0,3.0,2.0,2.0,2.0,,
104,190269,600.0,2.0,2.0,2.0,0.0,0,0,1.0,1.0,1.0,2.0,2.0,1.0,5.0,3.0,3.0,1.0,2.0,,2.0,1500.0,2.0,2.0,3.0,1.0,0,0,0.0,0.0,0.0,3.0,1.0,1.0,5.0,3.0,3.0,3.0,2.0,3.0,
105,190158,200.0,5.0,4.0,4.0,6.0,0,0,1.0,0.0,1.0,2.0,3.0,1.0,5.0,3.0,,1.0,2.0,,3.0,2000.0,2.0,2.0,4.0,2.0,0,0,0.0,1.0,0.0,2.0,1.0,1.0,5.0,3.0,2.0,2.0,2.0,,
106,252132,3.0,3.0,2.0,1.0,2.0,1,0,1.0,1.0,1.0,2.0,2.0,3.0,3.0,3.0,2.0,1.0,2.0,,2.0,9000.0,1.0,2.0,4.0,1.0,1,0,0.0,1.0,1.0,2.0,2.0,4.0,5.0,3.0,1.0,2.0,2.0,,
107,190250,500.0,3.0,2.0,4.0,0.0,0,0,1.0,0.0,1.0,3.0,3.0,1.0,5.0,3.0,3.0,2.0,2.0,2.0,5.0,2000.0,3.0,2.0,4.0,2.0,0,0,0.0,1.0,0.0,2.0,1.0,1.0,5.0,3.0,2.0,2.0,2.0,,
108,190228,200.0,5.0,4.0,5.0,0.0,0,0,1.0,0.0,1.0,2.0,3.0,1.0,5.0,3.0,,1.0,2.0,,3.0,1000.0,1.0,1.0,2.0,1.0,0,0,0.0,0.0,0.0,2.0,1.0,1.0,5.0,3.0,3.0,3.0,2.0,3.0,
109,252157,3.0,2.0,,3.0,2.0,0,0,1.0,1.0,1.0,2.0,2.0,3.0,3.0,3.0,2.0,1.0,2.0,,2.0,8000.0,1.0,5.0,4.0,1.0,0,0,0.0,1.0,1.0,2.0,2.0,4.0,5.0,3.0,2.0,1.0,2.0,2.0,
110,190349,300.0,3.0,2.0,5.0,0.0,0,0,1.0,0.0,1.0,2.0,3.0,1.0,5.0,3.0,2.0,1.0,2.0,,3.0,2500.0,2.0,2.0,4.0,2.0,0,0,0.0,1.0,0.0,2.0,1.0,1.0,1.0,3.0,2.0,2.0,2.0,,
111,252131,2.0,2.0,,2.0,1.0,1,0,1.0,1.0,1.0,3.0,2.0,2.0,2.0,3.0,4.0,2.0,2.0,3.0,2.0,8600.0,0.0,1.0,3.0,0.0,0,0,0.0,0.0,1.0,2.0,2.0,2.0,5.0,3.0,2.0,2.0,2.0,2.0,
112,252131,1.0,1.0,1.0,1.0,0.0,0,0,1.0,1.0,1.0,2.0,2.0,3.0,3.0,3.0,2.0,1.0,2.0,,2.0,8600.0,0.0,1.0,3.0,0.0,0,0,0.0,0.0,1.0,2.0,2.0,2.0,5.0,3.0,2.0,2.0,2.0,2.0,
113,252106,1.0,2.0,1.0,3.0,2.0,0,0,1.0,1.0,1.0,2.0,2.0,3.0,3.0,3.0,2.0,1.0,2.0,,2.0,6000.0,1.0,2.0,4.0,1.0,0,0,0.0,1.0,1.0,2.0,2.0,4.0,5.0,3.0,2.0,2.0,2.0,2.0,
114,252151,4.0,1.0,2.0,2.0,1.0,0,0,1.0,1.0,1.0,2.0,2.0,3.0,3.0,3.0,2.0,1.0,2.0,,2.0,6000.0,4.0,1.0,4.0,1.0,0,0,0.0,1.0,1.0,2.0,2.0,4.0,5.0,3.0,2.0,2.0,2.0,2.0,
115,252119,3.0,2.0,2.0,1.0,1.0,0,0,1.0,0.0,1.0,2.0,2.0,3.0,3.0,4.0,2.0,1.0,2.0,,2.0,7500.0,1.0,1.0,4.0,1.0,1,1,0.0,1.0,1.0,2.0,2.0,4.0,5.0,3.0,2.0,1.0,2.0,2.0,
116,190153,900.0,3.0,2.0,3.0,0.0,1,0,1.0,1.0,1.0,2.0,2.0,1.0,5.0,3.0,3.0,1.0,2.0,,2.0,7000.0,2.0,4.0,4.0,2.0,0,0,0.0,0.0,0.0,2.0,1.0,1.0,5.0,3.0,2.0,2.0,2.0,,
117,252194,2.0,3.0,2.0,1.0,2.0,1,1,1.0,1.0,1.0,4.0,2.0,2.0,2.0,3.0,3.0,2.0,2.0,2.0,2.0,6000.0,1.0,1.0,3.0,0.0,0,0,0.0,1.0,1.0,2.0,2.0,4.0,5.0,3.0,2.0,1.0,2.0,2.0,
118,252194,2.0,2.0,1.0,2.0,1.0,0,0,1.0,1.0,1.0,2.0,2.0,3.0,3.0,3.0,2.0,1.0,2.0,,2.0,6000.0,1.0,1.0,3.0,0.0,0,0,0.0,1.0,1.0,2.0,2.0,4.0,5.0,3.0,2.0,1.0,2.0,2.0,
119,190244,500.0,2.0,1.0,4.0,0.0,0,0,1.0,0.0,1.0,3.0,2.0,1.0,5.0,3.0,3.0,2.0,2.0,2.0,3.0,3000.0,3.0,2.0,4.0,1.0,0,0,0.0,1.0,0.0,2.0,1.0,1.0,1.0,3.0,2.0,2.0,2.0,,
120,252148,2.0,2.0,3.0,3.0,2.0,1,0,1.0,1.0,1.0,2.0,2.0,3.0,3.0,3.0,2.0,1.0,2.0,,2.0,6000.0,1.0,2.0,4.0,1.0,1,1,0.0,1.0,1.0,3.0,2.0,2.0,5.0,3.0,1.0,2.0,2.0,2.0,
121,190168,600.0,2.0,3.0,2.0,0.0,0,0,1.0,1.0,1.0,2.0,2.0,1.0,5.0,3.0,3.0,1.0,2.0,,3.0,2500.0,2.0,2.0,4.0,2.0,0,0,0.0,1.0,0.0,2.0,1.0,1.0,5.0,3.0,2.0,2.0,2.0,,
122,252182,1.0,1.0,1.0,1.0,1.0,0,0,1.0,1.0,1.0,2.0,2.0,3.0,3.0,3.0,2.0,1.0,2.0,,2.0,6000.0,1.0,0.0,4.0,1.0,0,0,0.0,1.0,1.0,2.0,2.0,4.0,5.0,3.0,2.0,2.0,2.0,2.0,
123,252122,1.0,1.0,1.0,3.0,0.0,0,0,1.0,1.0,1.0,2.0,2.0,3.0,3.0,4.0,2.0,1.0,2.0,,2.0,6000.0,1.0,2.0,4.0,1.0,0,0,0.0,1.0,1.0,2.0,2.0,4.0,5.0,3.0,2.0,2.0,2.0,2.0,
124,252122,1.0,4.0,2.0,2.0,1.0,1,0,1.0,1.0,1.0,2.0,2.0,2.0,4.0,3.0,4.0,4.0,2.0,3.0,2.0,6000.0,1.0,2.0,4.0,1.0,0,0,0.0,1.0,1.0,2.0,2.0,4.0,5.0,3.0,2.0,2.0,2.0,2.0,
125,190213,700.0,4.0,2.0,3.0,0.0,1,0,1.0,1.0,1.0,2.0,2.0,1.0,5.0,3.0,3.0,1.0,2.0,,2.0,3000.0,2.0,2.0,4.0,2.0,0,0,0.0,1.0,0.0,2.0,1.0,1.0,5.0,3.0,2.0,2.0,2.0,,
126,190242,500.0,2.0,2.0,3.0,0.0,0,0,1.0,0.0,1.0,2.0,2.0,1.0,5.0,3.0,3.0,2.0,2.0,3.0,2.0,2500.0,3.0,2.0,4.0,2.0,0,0,0.0,1.0,0.0,1.0,1.0,1.0,5.0,3.0,2.0,2.0,2.0,,
127,190231,200.0,4.0,,5.0,0.0,0,0,1.0,0.0,1.0,2.0,3.0,1.0,5.0,3.0,2.0,1.0,2.0,,3.0,1500.0,1.0,1.0,2.0,1.0,0,0,0.0,0.0,0.0,2.0,1.0,1.0,5.0,3.0,3.0,2.0,2.0,3.0,
128,190248,55.0,2.0,2.0,2.0,1.0,1,0,1.0,1.0,1.0,2.0,2.0,1.0,1.0,3.0,3.0,1.0,2.0,,2.0,2000.0,2.0,2.0,2.0,1.0,0,0,0.0,0.0,0.0,3.0,1.0,1.0,5.0,3.0,3.0,2.0,2.0,3.0,
129,252104,2.0,2.0,2.0,2.0,0.0,1,0,1.0,1.0,1.0,2.0,2.0,3.0,3.0,3.0,2.0,1.0,2.0,,2.0,7500.0,1.0,2.0,4.0,1.0,0,0,0.0,1.0,1.0,2.0,2.0,4.0,5.0,3.0,1.0,2.0,2.0,2.0,
130,190229,600.0,2.0,2.0,3.0,0.0,0,0,1.0,0.0,1.0,3.0,2.0,1.0,5.0,3.0,3.0,2.0,2.0,2.0,3.0,1500.0,2.0,2.0,1.0,1.0,0,0,0.0,0.0,0.0,2.0,1.0,1.0,5.0,3.0,3.0,2.0,2.0,3.0,
131,190106,500.0,2.0,1.0,4.0,0.0,0,0,1.0,0.0,1.0,3.0,3.0,1.0,5.0,3.0,3.0,2.0,2.0,2.0,3.0,1000.0,2.0,2.0,3.0,1.0,0,0,0.0,0.0,0.0,2.0,1.0,1.0,5.0,3.0,3.0,4.0,2.0,2.0,
132,190352,600.0,2.0,2.0,3.0,0.0,1,0,1.0,1.0,1.0,2.0,2.0,1.0,5.0,3.0,3.0,1.0,2.0,,3.0,2500.0,2.0,2.0,4.0,1.0,0,0,0.0,1.0,0.0,2.0,1.0,1.0,5.0,3.0,2.0,2.0,2.0,,
133,190210,1000.0,2.0,2.0,2.0,0.0,0,0,1.0,1.0,1.0,2.0,2.0,1.0,5.0,3.0,3.0,1.0,2.0,,2.0,2500.0,2.0,2.0,4.0,2.0,0,0,0.0,1.0,0.0,2.0,1.0,1.0,5.0,3.0,2.0,2.0,2.0,,
134,190265,1100.0,2.0,2.0,3.0,0.0,1,1,1.0,1.0,1.0,2.0,2.0,1.0,5.0,3.0,3.0,1.0,2.0,,2.0,3500.0,3.0,3.0,5.0,2.0,0,0,0.0,,0.0,2.0,1.0,1.0,5.0,3.0,2.0,2.0,2.0,,
135,190170,500.0,1.0,2.0,4.0,1.0,0,0,1.0,0.0,1.0,3.0,2.0,1.0,5.0,3.0,3.0,2.0,2.0,2.0,3.0,1500.0,2.0,3.0,2.0,1.0,0,0,0.0,0.0,0.0,2.0,1.0,1.0,5.0,3.0,3.0,2.0,2.0,3.0,
136,190207,500.0,1.0,2.0,4.0,0.0,0,0,1.0,0.0,1.0,3.0,2.0,1.0,5.0,3.0,3.0,2.0,2.0,2.0,2.0,500.0,2.0,3.0,3.0,1.0,0,0,0.0,0.0,0.0,2.0,1.0,1.0,5.0,3.0,3.0,3.0,2.0,3.0,
137,190162,500.0,1.0,2.0,4.0,0.0,0,0,1.0,0.0,1.0,3.0,2.0,1.0,5.0,3.0,3.0,2.0,2.0,2.0,3.0,2000.0,3.0,3.0,,2.0,0,0,0.0,1.0,0.0,2.0,1.0,1.0,5.0,3.0,2.0,2.0,2.0,,
138,190165,500.0,2.0,1.0,3.0,1.0,0,0,1.0,0.0,1.0,3.0,2.0,1.0,5.0,3.0,3.0,2.0,2.0,2.0,3.0,1500.0,2.0,2.0,3.0,1.0,0,0,0.0,0.0,1.0,2.0,1.0,1.0,5.0,3.0,4.0,3.0,2.0,5.0,
139,190208,34.0,4.0,2.0,4.0,0.0,0,0,1.0,0.0,1.0,2.0,3.0,1.0,5.0,3.0,2.0,1.0,2.0,,3.0,2000.0,1.0,2.0,2.0,1.0,0,0,0.0,0.0,0.0,2.0,1.0,1.0,5.0,3.0,3.0,1.0,2.0,3.0,
140,190211,500.0,2.0,2.0,3.0,0.0,0,0,1.0,0.0,1.0,3.0,2.0,1.0,5.0,3.0,3.0,2.0,2.0,2.0,3.0,500.0,1.0,2.0,2.0,1.0,0,0,0.0,0.0,0.0,2.0,1.0,1.0,5.0,3.0,3.0,2.0,2.0,2.0,
141,190134,200.0,3.0,3.0,3.0,0.0,0,0,1.0,0.0,1.0,2.0,3.0,1.0,5.0,3.0,,1.0,2.0,,3.0,2000.0,2.0,2.0,5.0,1.0,0,0,0.0,1.0,0.0,2.0,1.0,1.0,5.0,3.0,2.0,3.0,2.0,,
142,190142,500.0,2.0,2.0,5.0,1.0,0,0,1.0,0.0,1.0,3.0,2.0,1.0,5.0,3.0,,2.0,2.0,2.0,3.0,10000.0,3.0,2.0,3.0,1.0,0,0,0.0,0.0,1.0,3.0,1.0,1.0,5.0,3.0,2.0,2.0,2.0,2.0,
143,190152,300.0,2.0,4.0,6.0,0.0,1,1,1.0,0.0,1.0,2.0,4.0,1.0,5.0,3.0,,1.0,2.0,,3.0,10000.0,1.0,2.0,5.0,0.0,1,0,0.0,0.0,0.0,1.0,3.0,1.0,5.0,3.0,2.0,2.0,2.0,,
144,190300,400.0,3.0,5.0,6.0,0.0,1,0,1.0,0.0,1.0,2.0,3.0,1.0,5.0,3.0,,1.0,2.0,,3.0,5000.0,1.0,4.0,4.0,1.0,0,0,0.0,0.0,0.0,2.0,1.0,1.0,5.0,3.0,3.0,3.0,2.0,,
145,190107,500.0,7.0,4.0,5.0,0.0,1,0,1.0,0.0,1.0,2.0,3.0,1.0,5.0,3.0,,1.0,2.0,,3.0,2000.0,1.0,1.0,3.0,1.0,0,0,0.0,0.0,0.0,3.0,1.0,1.0,5.0,3.0,2.0,3.0,2.0,3.0,
146,190111,100.0,3.0,1.0,6.0,0.0,0,0,1.0,0.0,1.0,3.0,3.0,1.0,5.0,3.0,,1.0,2.0,,3.0,1500.0,2.0,2.0,5.0,2.0,0,0,0.0,1.0,0.0,2.0,1.0,1.0,5.0,3.0,2.0,2.0,2.0,,
147,190149,600.0,2.0,2.0,4.0,1.0,0,0,1.0,0.0,1.0,3.0,2.0,1.0,5.0,3.0,3.0,2.0,2.0,2.0,3.0,3000.0,2.0,2.0,2.0,1.0,0,0,0.0,0.0,0.0,3.0,1.0,1.0,5.0,3.0,3.0,3.0,2.0,3.0,
148,190160,400.0,4.0,2.0,6.0,0.0,0,0,1.0,0.0,0.0,2.0,3.0,1.0,5.0,3.0,,1.0,2.0,,3.0,1500.0,1.0,2.0,2.0,1.0,0,0,0.0,0.0,0.0,2.0,1.0,1.0,5.0,3.0,2.0,3.0,2.0,,
149,190124,300.0,4.0,3.0,5.0,0.0,1,0,1.0,0.0,1.0,2.0,3.0,1.0,5.0,3.0,,1.0,2.0,,3.0,3000.0,2.0,2.0,4.0,1.0,0,0,0.0,1.0,0.0,1.0,1.0,1.0,5.0,3.0,2.0,2.0,2.0,,
150,190124,300.0,2.0,3.0,5.0,0.0,0,0,1.0,0.0,1.0,2.0,3.0,1.0,5.0,3.0,,1.0,2.0,,3.0,3000.0,2.0,2.0,4.0,1.0,0,0,0.0,1.0,0.0,1.0,1.0,1.0,5.0,3.0,2.0,2.0,2.0,,
151,190156,500.0,2.0,2.0,4.0,0.0,0,0,1.0,0.0,1.0,3.0,2.0,1.0,5.0,3.0,3.0,2.0,2.0,2.0,3.0,3000.0,3.0,2.0,5.0,3.0,0,0,0.0,1.0,0.0,1.0,1.0,1.0,5.0,3.0,2.0,2.0,2.0,,
152,190254,500.0,2.0,2.0,4.0,0.0,0,0,1.0,0.0,1.0,3.0,2.0,1.0,5.0,3.0,3.0,2.0,2.0,2.0,3.0,2000.0,3.0,2.0,4.0,2.0,0,0,0.0,1.0,0.0,1.0,1.0,1.0,5.0,3.0,2.0,2.0,2.0,,
153,190118,300.0,4.0,2.0,7.0,0.0,0,0,1.0,0.0,1.0,2.0,3.0,1.0,5.0,3.0,,1.0,2.0,2.0,3.0,3500.0,3.0,2.0,4.0,2.0,0,0,0.0,1.0,0.0,2.0,1.0,1.0,5.0,3.0,2.0,2.0,2.0,,
154,190259,650.0,2.0,3.0,3.0,0.0,0,0,1.0,1.0,1.0,2.0,2.0,1.0,5.0,3.0,3.0,1.0,2.0,,2.0,3500.0,2.0,2.0,4.0,1.0,0,0,0.0,1.0,0.0,2.0,1.0,1.0,5.0,3.0,2.0,2.0,2.0,,
155,190174,600.0,2.0,2.0,3.0,0.0,0,0,1.0,1.0,1.0,2.0,2.0,1.0,5.0,3.0,3.0,2.0,2.0,,2.0,4500.0,3.0,2.0,4.0,2.0,0,0,0.0,0.0,0.0,3.0,1.0,1.0,5.0,3.0,3.0,3.0,2.0,,
156,190200,600.0,3.0,3.0,3.0,1.0,0,0,1.0,1.0,1.0,2.0,2.0,1.0,5.0,3.0,3.0,1.0,2.0,,2.0,10000.0,1.0,2.0,2.0,1.0,0,0,0.0,0.0,0.0,2.0,1.0,1.0,5.0,3.0,3.0,3.0,2.0,2.0,
157,190141,450.0,3.0,3.0,3.0,0.0,0,0,1.0,1.0,1.0,2.0,2.0,1.0,5.0,3.0,3.0,1.0,2.0,,2.0,1500.0,2.0,3.0,,1.0,0,0,0.0,0.0,0.0,2.0,1.0,1.0,5.0,3.0,3.0,2.0,2.0,3.0,
158,190131,500.0,2.0,2.0,3.0,1.0,0,0,1.0,1.0,1.0,2.0,2.0,1.0,5.0,3.0,3.0,1.0,2.0,,2.0,4000.0,2.0,2.0,4.0,2.0,0,0,0.0,1.0,0.0,2.0,1.0,1.0,5.0,3.0,2.0,2.0,2.0,,
159,190144,550.0,2.0,2.0,6.0,1.0,0,0,1.0,1.0,1.0,2.0,2.0,1.0,5.0,3.0,3.0,2.0,2.0,,3.0,1500.0,3.0,2.0,2.0,2.0,0,0,0.0,1.0,0.0,2.0,1.0,1.0,5.0,3.0,2.0,2.0,2.0,,
160,190237,500.0,3.0,3.0,2.0,0.0,0,0,1.0,1.0,1.0,2.0,2.0,1.0,5.0,3.0,2.0,1.0,2.0,,2.0,2500.0,3.0,2.0,4.0,2.0,0,0,0.0,1.0,0.0,2.0,1.0,1.0,5.0,3.0,2.0,2.0,2.0,2.0,
161,190138,700.0,3.0,2.0,2.0,0.0,0,0,1.0,1.0,1.0,2.0,2.0,1.0,5.0,3.0,3.0,1.0,2.0,,2.0,4000.0,3.0,2.0,4.0,3.0,0,0,0.0,0.0,0.0,2.0,1.0,1.0,5.0,3.0,2.0,3.0,2.0,,
