,renewvia_id,avg_household_income,household_headcount,girls_schooling,boys_schooling,appliances_count,cellphones_count,light_hours_current,kerosene_lamps_count,business_owners_count,business_owners_female,community_lights,home_exterior_lights,clinic_electricity_access,clinic_refrigeration_access,cooking_fuel_collection_time,cooking_energy_cost,applicances_charging_cost,feel_safe_dark,feel_safe_if_exterior_lights,water_source,water_collection_travel_distance,water_collection_time,water_cost,clinic_travel_distance,phone_charge_cost
0,501121,,,,,,,,,1,0,,,,,,,,,,,,,,,
1,570063,27000,3,,1,5,3,5,,1,1,,0.0,0.0,0.0,2.0,1.0,,1.0,5.0,2.0,1.0,1.0,2.0,1.0,
2,570028,30000,9,2,4,5,8,5,,1,1,,0.0,0.0,0.0,1.0,5.0,,1.0,5.0,4.0,1.0,,,1.0,
3,570097,38000,7,2,3,5,7,6,,1,0,,0.0,0.0,0.0,2.0,5.0,,1.0,5.0,4.0,2.0,1.0,,1.0,
4,570046,30000,3,,,2,2,4,,1,0,,0.0,0.0,0.0,2.0,2.0,,1.0,5.0,,1.0,1.0,,1.0,
5,570024,15000,12,,,4,9,5,2,1,0,,0.0,0.0,0.0,3.0,3.0,,1.0,5.0,,1.0,1.0,,1.0,
6,570009,40000,3,1,0,1,2,5,0,1,0,,0.0,0.0,0.0,1.0,5.0,,2.0,5.0,,1.0,1.0,,2.0,
7,570135,15000,8,,,2,4,2,1,1,1,,0.0,0.0,0.0,2.0,3.0,,1.0,5.0,,1.0,1.0,,1.0,
8,570129,20000,14,,,2,8,3,,1,1,,1.0,0.0,0.0,2.0,2.0,,1.0,5.0,,1.0,1.0,,1.0,
9,570138,26000,4,,,7,4,3,,1,0,,0.0,0.0,0.0,2.0,3.0,,1.0,5.0,4.0,1.0,1.0,,1.0,
10,570078,130000,14,4,2,4,6,5,2,1,0,,0.0,0.0,0.0,2.0,4.0,,1.0,5.0,,1.0,1.0,,1.0,
11,570059,30000,6,1,2,8,6,3,2,1,0,,0.0,0.0,0.0,2.0,1.0,,1.0,5.0,2.0,1.0,1.0,,1.0,
12,570040,30000,5,2,1,6,4,5,,1,1,,0.0,0.0,0.0,1.0,4.0,,1.0,5.0,2.0,1.0,2.0,,1.0,
13,570030,85000,8,3,3,2,2,4,0,1,1,,0.0,0.0,0.0,1.0,,,1.0,5.0,,1.0,1.0,,2.0,
14,570052,150000,15,2,2,2,3,2,,1,1,,0.0,0.0,0.0,2.0,2.0,,1.0,5.0,3.0,2.0,2.0,2.0,2.0,
15,570013,80000,7,2,3,2,4,6,0,1,0,,0.0,0.0,0.0,1.0,5.0,,1.0,5.0,,1.0,1.0,,2.0,
16,570009,65000,8,2,4,2,3,5,0,1,1,,0.0,0.0,0.0,1.0,,,1.0,5.0,,1.0,1.0,,2.0,
17,570190,60000,6,2,2,2,3,2,0,1,0,,0.0,0.0,0.0,1.0,,,1.0,5.0,,1.0,1.0,,2.0,
18,570103,120000,15,1,2,,5,4,,1,0,,0.0,0.0,0.0,3.0,3.0,,1.0,5.0,,3.0,3.0,,2.0,
19,570178,12000,6,,,2,4,3,,1,1,,0.0,0.0,0.0,1.0,2.0,,1.0,5.0,4.0,1.0,1.0,,1.0,
20,570055,30000,7,2,3,9,6,8,,1,0,,0.0,0.0,0.0,2.0,5.0,,1.0,5.0,4.0,1.0,2.0,4.0,1.0,
21,570075,18000,9,,,3,5,6,,1,0,,1.0,0.0,0.0,3.0,2.0,,1.0,5.0,,1.0,1.0,,1.0,
22,570011,18000,16,,,3,5,2,,1,0,,1.0,0.0,0.0,2.0,2.0,,1.0,5.0,,1.0,1.0,,1.0,
23,570006,90000,8,3,4,5,8,3,3,1,0,,0.0,0.0,0.0,3.0,4.0,,1.0,5.0,2.0,1.0,1.0,4.0,1.0,
24,570170,43000,5,1,3,5,3,8,,1,0,,0.0,0.0,0.0,2.0,5.0,,1.0,5.0,4.0,2.0,2.0,,1.0,
25,570168,80000,7,2,1,4,3,3,1,1,0,,0.0,0.0,0.0,1.0,4.0,,1.0,5.0,,1.0,1.0,,1.0,
26,570074,20000,15,,,4,3,5,1,1,0,,0.0,0.0,0.0,3.0,3.0,,1.0,5.0,,1.0,1.0,2.0,1.0,
27,570084,14000,20,,,5,6,6,,1,0,,0.0,0.0,0.0,2.0,2.0,,1.0,5.0,,1.0,1.0,,1.0,
28,570127,90000,5,1,1,4,3,5,1,1,0,,0.0,0.0,0.0,2.0,3.0,,1.0,5.0,,1.0,1.0,,1.0,
29,570102,20000,15,1,,2,7,5,1,1,1,,0.0,0.0,0.0,2.0,2.0,,1.0,5.0,,1.0,1.0,,1.0,
30,570038,60000,3,1,1,3,2,3,1,1,0,,0.0,0.0,0.0,2.0,3.0,,2.0,5.0,,1.0,1.0,,1.0,
31,570002,18000,30,,,5,15,5,1,1,1,,0.0,0.0,0.0,1.0,2.0,,1.0,5.0,,1.0,1.0,,1.0,
32,570003,80000,5,1,2,4,3,5,1,1,0,,0.0,0.0,0.0,1.0,3.0,,1.0,5.0,,1.0,1.0,,1.0,
33,570045,60000,3,,1,2,3,3,1,1,0,,0.0,0.0,0.0,2.0,3.0,,2.0,5.0,,1.0,1.0,,1.0,
34,570057,90000,3,,1,3,2,4,1,1,0,,0.0,0.0,0.0,1.0,4.0,,1.0,5.0,,1.0,1.0,,1.0,
35,570033,60000,4,2,,3,2,3,1,1,0,,0.0,0.0,0.0,2.0,4.0,,1.0,5.0,,1.0,1.0,,1.0,
36,570048,120000,13,3,2,4,2,5,2,1,0,,0.0,0.0,0.0,2.0,4.0,,2.0,5.0,,1.0,1.0,,1.0,
37,570183,80000,3,,1,3,2,4,1,1,0,,0.0,0.0,0.0,1.0,4.0,,1.0,4.0,,1.0,1.0,,1.0,
38,570054,6000,30,,,3,12,3,2,1,0,,0.0,0.0,0.0,1.0,2.0,,1.0,5.0,,1.0,1.0,,1.0,
39,570035,78000,5,1,2,4,3,2,1,1,0,,0.0,0.0,0.0,1.0,3.0,,1.0,5.0,,1.0,1.0,,1.0,
40,570145,40000,3,1,,2,1,4,0,1,1,,0.0,0.0,0.0,1.0,,,2.0,5.0,,1.0,1.0,,2.0,
41,570069,75000,5,1,1,4,2,4,1,1,0,,0.0,0.0,0.0,1.0,5.0,,2.0,5.0,,1.0,1.0,,1.0,
42,570026,55000,2,1,0,3,2,2,1,1,0,,0.0,0.0,0.0,2.0,4.0,,1.0,5.0,,1.0,1.0,,1.0,
43,570104,80000,9,2,1,4,2,7,0,1,0,,0.0,0.0,0.0,1.0,,,1.0,5.0,,1.0,1.0,,2.0,
44,570079,50000,3,0,0,2,3,2,0,1,0,,0.0,0.0,0.0,1.0,,,1.0,5.0,,1.0,1.0,,2.0,
45,570072,90000,12,3,3,4,6,8,2,1,0,,0.0,0.0,0.0,3.0,5.0,,1.0,5.0,3.0,1.0,1.0,,1.0,
46,570133,15000,9,,,4,7,3,1,1,1,,0.0,0.0,0.0,3.0,3.0,,1.0,5.0,4.0,2.0,1.0,,1.0,
47,570177,10000,12,,,2,5,3,,1,1,,0.0,0.0,0.0,2.0,2.0,,1.0,5.0,,1.0,1.0,,1.0,
48,570056,90000,6,1,1,4,3,3,1,1,0,,0.0,0.0,0.0,1.0,3.0,,2.0,5.0,,1.0,1.0,,1.0,
49,570061,15000,9,,,3,2,4,,1,0,,0.0,0.0,0.0,2.0,2.0,,1.0,5.0,,1.0,2.0,2.0,1.0,
50,570047,52000,18,,,2,9,3,1,1,0,,1.0,0.0,0.0,1.0,2.0,,1.0,5.0,,1.0,2.0,,1.0,
51,540239,10000,6,,,1,3,2,,1,1,,0.0,0.0,0.0,2.0,2.0,,1.0,5.0,,1.0,1.0,2.0,1.0,
52,540251,,12,5,4,3,13,4,,1,0,,0.0,0.0,0.0,3.0,1.0,,1.0,5.0,4.0,1.0,2.0,,,
53,540252,30000,9,,,2,6,2,1,1,1,,0.0,0.0,0.0,3.0,2.0,,1.0,5.0,,1.0,1.0,,1.0,
54,540208,20000,9,,,3,5,5,1,1,0,,1.0,0.0,0.0,3.0,2.0,,1.0,5.0,4.0,1.0,1.0,,1.0,
55,540253,42000,2,,,4,2,6,,1,1,,0.0,0.0,0.0,2.0,1.0,,1.0,5.0,2.0,1.0,2.0,,,
56,540044,40000,3,1,1,1,2,3,0,1,0,,0.0,0.0,0.0,1.0,,,2.0,5.0,,1.0,1.0,,2.0,
57,540194,12000,5,,,1,,3,,1,0,,0.0,0.0,0.0,2.0,2.0,,1.0,5.0,4.0,1.0,1.0,,1.0,
58,540073,25000,13,,,3,8,3,,1,1,,0.0,0.0,0.0,2.0,2.0,,1.0,5.0,,1.0,1.0,,1.0,
59,540167,60000,8,1,1,4,5,4,1,1,0,,0.0,0.0,0.0,2.0,4.0,,1.0,5.0,,1.0,1.0,,1.0,
60,540081,200000,18,4,3,5,15,5,1,1,0,,0.0,0.0,0.0,1.0,4.0,,2.0,5.0,,1.0,1.0,,1.0,
61,540122,20000,8,,,4,6,4,,1,1,,1.0,0.0,0.0,2.0,1.0,,1.0,5.0,,1.0,1.0,,1.0,
62,540138,20000,18,,,2,6,3,,1,0,,0.0,0.0,0.0,1.0,2.0,,1.0,5.0,,1.0,1.0,,1.0,
63,540191,40000,23,,,3,15,4,1,1,1,,0.0,0.0,0.0,2.0,2.0,,1.0,5.0,,1.0,1.0,,1.0,
64,540065,86000,12,1,2,3,12,8,,1,1,,0.0,0.0,0.0,2.0,4.0,,1.0,5.0,2.0,1.0,2.0,,,
65,540010,40000,3,,2,4,2,7,,1,0,,0.0,0.0,0.0,1.0,1.0,,1.0,5.0,4.0,1.0,2.0,,,
66,540049,52000,9,2,2,4,7,6,,1,1,,0.0,0.0,0.0,2.0,1.0,,1.0,5.0,2.0,1.0,1.0,,,
67,540068,35000,14,,,2,5,3,1,1,0,,1.0,0.0,0.0,1.0,2.0,,1.0,5.0,,1.0,1.0,,1.0,
68,540268,25000,17,,,2,12,3,,1,0,,1.0,0.0,0.0,2.0,2.0,,1.0,5.0,,1.0,1.0,,1.0,
69,540149,52000,5,1,2,3,5,4,,1,0,,1.0,0.0,0.0,3.0,1.0,,1.0,5.0,2.0,1.0,1.0,,,
70,540152,80000,8,4,2,3,6,6,,1,1,,0.0,0.0,0.0,2.0,1.0,,,1.0,4.0,2.0,1.0,,,
71,540094,35000,2,,,4,2,6,,1,0,,0.0,0.0,0.0,2.0,1.0,,1.0,5.0,2.0,1.0,2.0,,,
72,540209,20000,6,,,2,4,2,,1,0,,0.0,0.0,0.0,3.0,1.0,,1.0,5.0,,1.0,1.0,,1.0,
73,540023,50000,3,0,0,3,2,4,0,1,0,,0.0,0.0,0.0,1.0,,,1.0,5.0,,1.0,1.0,,2.0,
74,540286,33000,14,,,2,8,3,,1,0,,0.0,0.0,0.0,1.0,2.0,,1.0,5.0,,1.0,1.0,,1.0,
75,540198,50000,4,1,2,4,3,5,,1,0,,0.0,0.0,0.0,1.0,4.0,,1.0,5.0,2.0,1.0,2.0,,,
76,540013,95000,8,2,3,5,8,6,,1,0,,1.0,0.0,0.0,2.0,5.0,,1.0,5.0,2.0,1.0,1.0,,,
77,540111,130000,5,2,2,3,4,4,1,1,0,,0.0,0.0,0.0,2.0,3.0,,2.0,5.0,,1.0,1.0,,1.0,
78,540216,80000,3,1,1,5,3,4,1,1,0,,0.0,0.0,0.0,1.0,4.0,,1.0,5.0,,1.0,1.0,,1.0,
79,540283,120000,13,2,3,4,8,3,1,1,0,,0.0,0.0,0.0,1.0,4.0,,1.0,5.0,,1.0,1.0,,1.0,
80,540231,62000,4,1,1,3,2,4,,1,0,,0.0,0.0,0.0,2.0,1.0,,1.0,5.0,4.0,1.0,1.0,,,
81,540018,60000,4,1,1,3,2,3,1,1,0,,0.0,0.0,0.0,2.0,2.0,,2.0,5.0,,1.0,1.0,,1.0,
82,540152,40000,18,,,3,10,3,1,1,0,,0.0,0.0,0.0,2.0,2.0,,1.0,5.0,,1.0,1.0,,1.0,
83,540151,80000,4,1,,5,3,3,1,1,0,,0.0,0.0,0.0,2.0,3.0,,1.0,5.0,,1.0,1.0,,1.0,
84,540189,18000,11,,,4,7,4,,1,0,,1.0,0.0,0.0,3.0,1.0,,1.0,5.0,,1.0,1.0,2.0,1.0,
85,540197,40000,25,,,4,19,2,1,1,1,,1.0,0.0,0.0,2.0,2.0,,1.0,5.0,,1.0,1.0,,1.0,
86,540185,90000,5,1,1,3,3,4,1,1,0,,0.0,0.0,0.0,1.0,3.0,,1.0,5.0,,1.0,1.0,,1.0,
87,540182,120000,8,2,1,3,8,5,,1,1,,0.0,0.0,0.0,1.0,1.0,,1.0,5.0,2.0,2.0,3.0,,,
88,540019,60000,5,1,2,2,1,4,0,1,0,,0.0,0.0,0.0,1.0,,,2.0,5.0,,1.0,1.0,,2.0,
89,540175,30000,14,,,2,9,4,,1,0,,0.0,0.0,0.0,2.0,2.0,,1.0,5.0,4.0,1.0,1.0,,1.0,
90,540201,95000,8,1,2,3,8,6,,1,0,,0.0,0.0,0.0,2.0,1.0,,1.0,5.0,4.0,1.0,1.0,,,
91,540047,10000,15,,,2,9,3,,1,1,,0.0,0.0,0.0,2.0,2.0,,1.0,5.0,,1.0,1.0,,1.0,
92,540035,29000,2,,,4,2,5,,1,1,,0.0,0.0,0.0,2.0,1.0,,1.0,1.0,2.0,1.0,1.0,,,
93,540278,42000,4,1,1,3,4,7,,1,1,,0.0,0.0,0.0,1.0,4.0,,1.0,5.0,4.0,1.0,1.0,,1.0,
94,540123,17000,9,,,3,5,2,,1,1,,0.0,0.0,0.0,3.0,1.0,,1.0,5.0,,1.0,1.0,,1.0,
95,540143,48000,4,,1,4,4,46,,1,1,,0.0,0.0,0.0,2.0,1.0,,1.0,5.0,4.0,2.0,1.0,,,
96,540006,56000,3,1,,3,2,4,,1,0,,0.0,0.0,0.0,1.0,1.0,,1.0,5.0,2.0,1.0,1.0,,,
97,540061,34000,2,,,3,2,4,,1,0,,0.0,0.0,0.0,2.0,1.0,,1.0,5.0,2.0,1.0,2.0,,,
98,540170,35000,15,,,2,5,3,,1,0,,0.0,0.0,0.0,3.0,1.0,,1.0,5.0,,1.0,1.0,,1.0,
99,540232,80000,8,3,2,4,8,5,,1,1,,1.0,0.0,0.0,1.0,1.0,,1.0,5.0,4.0,1.0,2.0,,,
100,530242,65000,9,2,3,7,6,8,,1,1,,0.0,0.0,1.0,3.0,5.0,,5.0,4.0,,2.0,5.0,5.0,3.0,
101,530224,20000,4,2,2,2,3,2,,1,1,,0.0,0.0,1.0,2.0,3.0,,1.0,5.0,2.0,,1.0,,1.0,
102,530237,20000,1,,,,2,,,1,0,,0.0,0.0,0.0,,,,1.0,5.0,,,,,3.0,
103,530024,200000,8,5,1,5,5,5,,1,0,,0.0,0.0,1.0,,4.0,,2.0,2.0,,,,,4.0,
104,530329,25000,3,,,2,3,2,,1,1,,0.0,0.0,1.0,1.0,5.0,,1.0,5.0,2.0,1.0,1.0,,2.0,
105,530066,25000,1,,,,2,,,1,0,,0.0,0.0,0.0,1.0,,,2.0,5.0,,1.0,1.0,,1.0,
106,530095,48000,3,,,0,3,,,1,0,,0.0,0.0,0.0,2.0,3.0,,1.0,5.0,,1.0,2.0,,1.0,
107,530406,55000,6,2,1,3,2,5,3,1,0,,0.0,0.0,1.0,2.0,4.0,,4.0,5.0,,,,,,
108,530393,30000,2,,1,,3,,,1,0,,0.0,0.0,0.0,,,,1.0,5.0,3.0,,1.0,,2.0,
109,530136,90000,5,1,1,,3,,3,1,0,,0.0,0.0,0.0,,2.0,,1.0,5.0,,,,,2.0,
110,530138,60000,6,1,1,3,2,,,1,0,,0.0,0.0,0.0,1.0,2.0,,1.0,5.0,3.0,1.0,1.0,,1.0,
111,530138,90000,9,5,1,2,,,,1,0,,0.0,0.0,0.0,1.0,1.0,,4.0,1.0,,1.0,1.0,,1.0,
112,530143,50000,6,,,,3,3,,1,0,,0.0,0.0,0.0,,,,1.0,5.0,3.0,,1.0,,3.0,
113,530118,30000,8,1,1,,2,,,1,0,,0.0,0.0,0.0,2.0,4.0,,1.0,5.0,3.0,,,,2.0,
114,530140,75000,3,1,1,5,3,8,,1,0,,0.0,0.0,1.0,3.0,5.0,,5.0,5.0,3.0,1.0,,4.0,2.0,
115,530445,50000,2,,,,2,,,1,0,,0.0,0.0,0.0,,,,1.0,5.0,2.0,,,,,
116,530173,40000,5,1,,3,2,4,,1,0,,0.0,0.0,0.0,2.0,3.0,,1.0,5.0,3.0,1.0,1.0,,2.0,
117,530033,45000,4,2,1,2,2,2,,1,1,,0.0,0.0,1.0,1.0,4.0,,1.0,5.0,2.0,1.0,1.0,,1.0,
118,530309,300000,8,3,3,6,6,8,3,1,1,,0.0,0.0,1.0,2.0,5.0,,5.0,5.0,,,,,4.0,
119,530054,30000,2,,,,2,,,1,0,,0.0,0.0,0.0,,,,1.0,5.0,,,,,2.0,
120,530029,15000,5,2,3,2,2,3,1,1,1,,0.0,0.0,1.0,1.0,1.0,,1.0,5.0,2.0,1.0,1.0,,1.0,
121,530259,40000,5,1,2,,2,,,1,0,,0.0,0.0,0.0,1.0,,,4.0,5.0,,1.0,1.0,,1.0,
122,530011,150000,3,2,2,5,2,,2,1,1,,0.0,0.0,1.0,4.0,5.0,,5.0,5.0,,,,,,
123,530110,20000,4,1,,2,3,2,,1,0,,0.0,0.0,0.0,2.0,2.0,,1.0,5.0,3.0,1.0,1.0,,2.0,
124,530144,45000,8,4,2,2,3,2,,1,1,,0.0,0.0,1.0,1.0,4.0,,1.0,5.0,2.0,1.0,1.0,,1.0,
125,530026,35000,4,1,1,2,3,2,,1,1,,0.0,0.0,1.0,1.0,4.0,,1.0,5.0,2.0,1.0,1.0,,1.0,
126,530394,15000,4,,,,2,,,1,0,,0.0,0.0,0.0,,2.0,,1.0,5.0,,,,,,
127,530219,10000,4,,,3,2,,,1,0,,0.0,0.0,0.0,,,,1.0,5.0,3.0,2.0,1.0,,2.0,
128,530009,50000,8,2,2,,2,4,,1,0,,0.0,0.0,0.0,2.0,4.0,,1.0,5.0,3.0,2.0,2.0,,3.0,
129,530039,200000,8,2,3,6,9,10,2,1,1,,0.0,0.0,1.0,3.0,5.0,,5.0,5.0,,1.0,,,3.0,
130,530097,30000,1,,,4,2,8,,1,0,,0.0,0.0,0.0,1.0,5.0,,1.0,5.0,,2.0,1.0,,,
131,530243,80000,4,2,1,5,3,8,2,1,0,,0.0,0.0,1.0,3.0,5.0,,5.0,5.0,3.0,,,,1.0,
132,530153,40000,4,,,,4,,,1,0,,0.0,0.0,0.0,,,,1.0,5.0,,,,,2.0,
133,530300,20000,3,,1,2,2,,,1,0,,0.0,0.0,1.0,1.0,5.0,,1.0,5.0,3.0,2.0,,4.0,1.0,
134,530084,150000,3,,1,4,3,7,,1,1,,0.0,0.0,1.0,,5.0,,4.0,4.0,,,,,2.0,
135,530379,10000,2,,,3,2,,,1,1,,0.0,0.0,0.0,1.0,,,1.0,5.0,3.0,1.0,2.0,,,
136,530343,20000,8,6,1,2,4,3,,1,1,,0.0,0.0,1.0,1.0,4.0,,1.0,5.0,2.0,1.0,1.0,,1.0,
137,530099,120000,7,4,,,,,,1,1,,1.0,0.0,1.0,2.0,1.0,,1.0,4.0,,1.0,1.0,,1.0,
138,530346,12000,8,2,4,,,,,1,1,,0.0,0.0,1.0,3.0,,,2.0,5.0,,1.0,2.0,,1.0,
139,530383,20000,2,,,,2,,,1,0,,0.0,0.0,0.0,,,,1.0,5.0,,,,,2.0,
140,530071,32,3,1,1,,2,,,1,0,,1.0,0.0,0.0,1.0,,,1.0,5.0,,1.0,1.0,,1.0,
141,530014,150000,3,1,,3,3,9,1,1,1,,0.0,0.0,1.0,4.0,3.0,,4.0,4.0,,,,,3.0,
142,530038,22000,8,,,,4,,,1,0,,1.0,0.0,0.0,1.0,,,2.0,5.0,,1.0,1.0,,1.0,
143,530382,25000,1,,,,2,,,1,0,,1.0,0.0,1.0,1.0,,,1.0,5.0,,1.0,2.0,,,
144,530015,10000,3,,,1,2,,,1,0,,0.0,0.0,0.0,1.0,3.0,,1.0,5.0,3.0,1.0,1.0,,1.0,
145,530101,23,4,,0,,,,,1,0,,0.0,0.0,0.0,1.0,,,2.0,5.0,,1.0,2.0,,1.0,
146,530096,20000,4,1,1,,2,2,,1,0,,0.0,0.0,0.0,,,,,5.0,,2.0,1.0,,2.0,
147,530096,3,30000,,,,2,,,1,0,,0.0,0.0,0.0,2.0,,,1.0,5.0,,,,,3.0,
148,530208,75000,9,2,4,3,5,6,2,1,1,,0.0,0.0,,4.0,5.0,,5.0,5.0,3.0,2.0,1.0,,2.0,
149,530208,20000,5,,,,,,,1,0,,0.0,0.0,0.0,,,,1.0,5.0,3.0,2.0,3.0,,1.0,
150,530404,120000,4,1,1,6,2,8,1,1,0,,0.0,0.0,1.0,3.0,5.0,,5.0,5.0,3.0,2.0,2.0,,2.0,
151,530184,20000,8,,,5,2,,,1,0,,0.0,0.0,0.0,1.0,,,1.0,5.0,3.0,1.0,,,1.0,
152,530048,,,,,,2,,,1,0,,0.0,0.0,0.0,2.0,,,1.0,5.0,,1.0,2.0,,2.0,
153,530137,25000,7,2,5,1,2,5,1,1,1,,0.0,0.0,1.0,2.0,3.0,,1.0,5.0,2.0,1.0,1.0,,2.0,
154,530078,25000,3,1,,3,3,6,,1,1,,0.0,0.0,1.0,,4.0,,5.0,5.0,2.0,1.0,1.0,,1.0,
155,530215,10000,8,,,2,3,,,1,0,,0.0,0.0,0.0,,,,1.0,5.0,3.0,,,,,
156,530152,32,6,,,,,,,1,0,,0.0,0.0,0.0,1.0,,,2.0,5.0,,1.0,1.0,,1.0,
157,530075,2,4,2,1,2,3,,,1,0,,0.0,0.0,0.0,2.0,2.0,,1.0,5.0,,3.0,,,2.0,
158,530061,20000,6,3,2,1,2,4,1,1,1,,0.0,0.0,1.0,1.0,3.0,,1.0,5.0,2.0,1.0,1.0,,1.0,
159,530388,32000,4,,,0,2,,,1,1,,0.0,0.0,,2.0,3.0,,1.0,5.0,,1.0,2.0,,1.0,
160,530080,90000,3,1,,5,3,9,,1,1,,0.0,0.0,1.0,,5.0,,5.0,5.0,,1.0,,,3.0,
161,530025,20000,4,,,,5,,,1,0,,0.0,0.0,0.0,,,,1.0,5.0,3.0,,,,,
162,530440,8000,5,1,2,2,3,,,1,0,,0.0,0.0,0.0,,,,1.0,5.0,3.0,1.0,1.0,,1.0,
163,530076,50000,3,,1,3,2,3,,1,1,,0.0,0.0,1.0,1.0,4.0,,1.0,5.0,2.0,1.0,1.0,,1.0,
164,530037,50000,5,1,2,3,3,5,2,1,1,,0.0,0.0,1.0,3.0,3.0,,5.0,5.0,3.0,1.0,1.0,,3.0,
165,530245,120000,3,,1,5,3,10,,1,1,,0.0,0.0,1.0,,,,5.0,5.0,,,,,3.0,
166,530384,80000,6,,,,3,,,1,0,,0.0,0.0,0.0,,,,1.0,5.0,,1.0,,,2.0,
167,530074,20000,7,4,3,3,2,8,1,1,1,,1.0,0.0,1.0,2.0,3.0,,1.0,5.0,2.0,1.0,1.0,,1.0,
168,530053,35000,2,,,,3,,,1,0,,0.0,0.0,0.0,,,,1.0,5.0,,,,,3.0,
169,530247,50000,5,1,2,,2,,4,1,0,,0.0,0.0,0.0,2.0,4.0,,1.0,5.0,,3.0,3.0,,4.0,
170,530446,180000,5,2,1,4,3,9,1,1,1,,0.0,0.0,1.0,1.0,3.0,,4.0,4.0,,,,,2.0,
171,530442,72000,4,1,1,4,4,6,,1,1,,0.0,0.0,1.0,3.0,,,5.0,4.0,2.0,,,4.0,2.0,
172,530442,20000,6,2,1,3,3,2,,1,0,,0.0,0.0,0.0,2.0,2.0,,1.0,5.0,3.0,2.0,2.0,,3.0,
173,530113,20000,10,4,3,2,2,6,1,1,1,,0.0,0.0,1.0,2.0,3.0,,1.0,5.0,2.0,1.0,1.0,,2.0,
174,530007,30000,6,,,4,2,3,,1,0,,0.0,0.0,0.0,2.0,,,1.0,5.0,3.0,2.0,2.0,,2.0,
175,530081,40000,6,1,2,4,4,3,,1,0,,0.0,0.0,1.0,,,,5.0,5.0,,2.0,1.0,,4.0,
176,530398,25000,5,2,2,2,3,2,,1,1,,0.0,0.0,1.0,1.0,4.0,,1.0,5.0,2.0,2.0,1.0,,2.0,
177,530436,100000,4,1,1,,2,,,1,1,,0.0,0.0,0.0,,,,1.0,5.0,2.0,2.0,,,,
178,530172,150000,3,1,1,3,3,5,,1,0,,0.0,0.0,1.0,4.0,,,2.0,4.0,,,,,,
179,530111,50000,4,,,,3,,,1,0,,0.0,0.0,0.0,,,,1.0,5.0,,2.0,2.0,,2.0,
180,530419,40000,3,,,0,2,,,1,0,,0.0,1.0,0.0,2.0,2.0,,1.0,5.0,,1.0,1.0,,1.0,
181,530426,75000,3,,,5,5,9,,1,0,,0.0,0.0,1.0,,,,5.0,5.0,,,,,1.0,
182,530412,65000,3,1,,4,2,6,,1,1,,0.0,0.0,1.0,2.0,4.0,,5.0,5.0,,,,,3.0,
183,530158,32000,6,2,2,,2,,2,1,0,,0.0,0.0,0.0,1.0,,,1.0,5.0,,,1.0,,1.0,
184,530105,40000,2,,,5,3,8,,1,1,,0.0,0.0,1.0,3.0,5.0,,5.0,5.0,,,,,2.0,
185,530413,30000,10,2,6,3,3,3,,1,1,,0.0,0.0,1.0,2.0,4.0,,1.0,5.0,2.0,1.0,1.0,,1.0,
186,530176,150000,4,1,1,4,2,9,,1,1,,0.0,0.0,1.0,,,,5.0,5.0,,,,,4.0,
187,530020,60000,3,,,,2,,,1,0,,0.0,0.0,0.0,,,,1.0,5.0,,,,,1.0,
188,530009,100000,2,,,1,4,2,,1,0,,0.0,0.0,0.0,2.0,2.0,,1.0,5.0,,3.0,2.0,,2.0,
189,530432,90000,8,2,3,4,8,8,2,1,1,,0.0,0.0,1.0,1.0,3.0,,3.0,3.0,,,,,3.0,
190,530225,15000,6,1,3,2,2,2,,1,0,,0.0,0.0,0.0,2.0,,,1.0,5.0,3.0,2.0,3.0,4.0,3.0,
191,530032,30000,3,1,1,4,2,5,1,1,0,,0.0,0.0,1.0,2.0,3.0,,1.0,5.0,2.0,1.0,1.0,,1.0,
192,530003,50000,15,6,8,4,12,5,5,1,0,,1.0,0.0,0.0,2.0,4.0,,1.0,5.0,,3.0,2.0,,2.0,
193,530164,170000,7,1,4,5,4,8,2,1,0,,0.0,0.0,1.0,3.0,5.0,,5.0,5.0,,1.0,1.0,4.0,2.0,
194,530036,10000,8,2,2,3,3,2,,1,0,,0.0,0.0,0.0,2.0,2.0,,1.0,5.0,3.0,2.0,2.0,4.0,2.0,
195,530423,15000,2,,,,2,,,1,0,,0.0,0.0,0.0,,,,1.0,5.0,,2.0,1.0,,4.0,
196,530057,250000,5,1,2,5,3,10,,1,1,,0.0,0.0,1.0,,4.0,,3.0,3.0,,,,,3.0,
197,530195,55000,4,,,,3,,,1,0,,0.0,0.0,0.0,1.0,,,1.0,5.0,,1.0,2.0,,1.0,
198,530144,32000,5,1,2,0,2,,,1,0,,0.0,0.0,1.0,1.0,3.0,,4.0,5.0,,1.0,1.0,,1.0,
199,530441,20000,3,1,,,2,2,,1,0,,0.0,0.0,0.0,1.0,2.0,,1.0,5.0,,1.0,1.0,,1.0,
200,530024,120000,6,2,2,2,4,,5,1,1,,0.0,0.0,0.0,2.0,4.0,,1.0,5.0,,1.0,1.0,,3.0,
201,530062,120000,2,,1,2,2,9,2,1,1,,0.0,0.0,1.0,4.0,5.0,,5.0,5.0,,,,,4.0,
202,530027,20000,10,,,,5,5,,1,1,,1.0,0.0,0.0,1.0,5.0,,1.0,5.0,,,,,1.0,
203,530072,30000,8,,,2,3,4,,1,0,,0.0,0.0,0.0,2.0,,,1.0,5.0,3.0,1.0,1.0,,1.0,
204,530063,57000,4,1,1,5,3,8,1,1,0,,0.0,0.0,1.0,4.0,5.0,,5.0,5.0,3.0,1.0,1.0,4.0,2.0,
205,530249,60000,3,,1,1,3,,2,1,0,,0.0,0.0,0.0,2.0,2.0,,1.0,5.0,,,,,3.0,
206,530058,2,2,,,,2,,,1,0,,0.0,0.0,0.0,,,,,1.0,,,,,,
207,530023,150000,9,5,3,5,4,5,3,1,1,,0.0,0.0,1.0,3.0,4.0,,4.0,4.0,,2.0,2.0,,2.0,
208,530228,50000,5,1,1,2,3,2,,1,1,,0.0,0.0,1.0,1.0,4.0,,1.0,5.0,2.0,1.0,1.0,,2.0,
209,530052,152000,6,1,1,4,4,12,1,1,1,,0.0,0.0,1.0,3.0,5.0,,4.0,4.0,,,,,3.0,
210,530035,2000,5,1,3,5,,,,1,0,,0.0,0.0,0.0,2.0,5.0,,1.0,5.0,,1.0,1.0,,1.0,
211,530257,50000,3,,,,3,,2,1,0,,0.0,0.0,0.0,,,,1.0,5.0,,1.0,,,1.0,
212,530194,30000,2,,,,2,,,1,0,,0.0,0.0,0.0,,,,1.0,,,1.0,1.0,,2.0,
213,530055,90000,2,,,5,2,10,,1,0,,1.0,0.0,1.0,2.0,4.0,,5.0,5.0,3.0,1.0,1.0,,1.0,
214,530376,80000,1,,,2,2,4,2,1,0,,0.0,0.0,0.0,1.0,1.0,,1.0,5.0,,1.0,1.0,,1.0,
215,530171,65000,4,,,,2,,,1,1,,0.0,0.0,0.0,1.0,,,1.0,5.0,,1.0,2.0,,1.0,
216,530047,50000,2,,2,,2,2,,1,1,,0.0,0.0,0.0,2.0,4.0,,1.0,5.0,,3.0,1.0,,3.0,
217,530217,40000,3,2,1,3,1,3,,1,1,,0.0,0.0,1.0,1.0,4.0,,1.0,5.0,2.0,1.0,1.0,,1.0,
218,530148,92000,4,,2,0,3,,,1,0,,0.0,0.0,1.0,1.0,5.0,,1.0,5.0,,1.0,2.0,,1.0,
219,530067,35000,5,2,2,3,2,3,,1,1,,0.0,0.0,1.0,2.0,4.0,,1.0,5.0,2.0,1.0,1.0,,2.0,
220,530115,30000,11,4,4,1,2,6,1,1,0,,0.0,0.0,1.0,2.0,3.0,,1.0,5.0,2.0,1.0,1.0,,1.0,
221,530157,,3,,,2,2,,,1,0,,0.0,0.0,0.0,,,,1.0,5.0,3.0,1.0,1.0,,2.0,
222,530004,50000,3,,,2,2,2,,1,1,,0.0,0.0,0.0,,3.0,,1.0,5.0,,3.0,3.0,,3.0,
223,530374,48000,3,,1,,2,,,1,1,,0.0,0.0,0.0,1.0,,,1.0,5.0,,1.0,1.0,,1.0,
224,530156,25000,3,1,2,2,3,3,,1,1,,0.0,0.0,1.0,1.0,4.0,,1.0,5.0,2.0,1.0,1.0,,1.0,
225,530070,20000,6,,,,3,,,1,0,,0.0,0.0,0.0,1.0,,,1.0,5.0,3.0,2.0,2.0,,1.0,
226,530040,50000,5,1,1,3,2,2,,1,0,,0.0,0.0,0.0,2.0,2.0,,1.0,5.0,3.0,2.0,2.0,,1.0,
227,530411,,8,1,2,2,2,,,1,0,,0.0,0.0,0.0,1.0,4.0,,1.0,5.0,3.0,1.0,1.0,,1.0,
228,530241,55000,2,,,4,2,9,,1,1,,0.0,0.0,1.0,,,,5.0,5.0,,1.0,,,2.0,
229,530095,25000,5,,,0,2,,,1,0,,0.0,0.0,0.0,3.0,3.0,,1.0,5.0,,1.0,1.0,,2.0,
230,530183,30000,4,1,2,2,1,3,2,1,0,,0.0,0.0,1.0,3.0,2.0,,1.0,5.0,2.0,1.0,2.0,,1.0,
231,530101,30000,8,,,,,,,1,1,,0.0,0.0,0.0,,,,1.0,5.0,,1.0,1.0,,1.0,
232,530018,70000,4,1,1,5,4,8,,1,1,,1.0,0.0,1.0,3.0,5.0,,5.0,5.0,,1.0,2.0,4.0,2.0,
233,530068,25000,6,,5,3,6,6,,1,1,,0.0,0.0,1.0,2.0,3.0,,1.0,5.0,2.0,1.0,1.0,,1.0,
234,530150,60000,5,,,,3,,,1,0,,0.0,0.0,0.0,1.0,,,1.0,5.0,,,1.0,,1.0,
235,530106,42000,6,,,2,2,2,,1,0,,0.0,0.0,0.0,1.0,4.0,,1.0,5.0,3.0,1.0,1.0,,1.0,
236,530366,60000,4,1,1,5,3,7,,1,1,,0.0,0.0,1.0,,,,5.0,5.0,,,,4.0,3.0,
237,530415,150000,9,3,4,6,3,9,,1,1,,0.0,0.0,1.0,3.0,4.0,,5.0,5.0,,,,,,
238,530013,130000,12,5,5,6,8,12,,1,1,,0.0,0.0,1.0,,,,5.0,5.0,,1.0,,,4.0,
239,530425,30000,6,,,2,6,2,2,1,0,,0.0,0.0,0.0,1.0,,,1.0,5.0,,2.0,2.0,,2.0,
240,530306,30000,2,,,,2,,,1,0,,0.0,0.0,0.0,2.0,2.0,,2.0,5.0,,1.0,1.0,2.0,2.0,
241,530050,40000,6,1,1,5,2,2,,1,0,,0.0,0.0,0.0,1.0,4.0,,1.0,5.0,3.0,1.0,1.0,,1.0,
242,530366,58000,5,,,,2,3,,1,0,,0.0,0.0,0.0,2.0,,,1.0,5.0,,,,,1.0,
243,530419,90000,6,,,,4,,,1,0,,0.0,0.0,0.0,,,,1.0,5.0,,,,,2.0,
244,530017,47000,4,,,,,,,1,0,,0.0,0.0,0.0,1.0,,,2.0,5.0,,1.0,2.0,,2.0,
245,530114,15000,2,2,0,2,2,5,1,1,1,,0.0,0.0,1.0,2.0,3.0,,1.0,5.0,2.0,1.0,1.0,,1.0,
246,530338,150000,4,,,,,2,,1,1,,0.0,0.0,0.0,2.0,,,3.0,2.0,,1.0,1.0,,1.0,
247,530155,15000,2,1,,2,1,3,,1,1,,0.0,0.0,1.0,1.0,3.0,,1.0,5.0,2.0,1.0,1.0,,2.0,
248,530146,15000,7,2,4,3,2,2,,1,0,,0.0,0.0,0.0,2.0,2.0,,1.0,5.0,3.0,2.0,2.0,,3.0,
249,530119,15000,7,1,6,0,2,1,1,1,1,,0.0,0.0,1.0,1.0,3.0,,1.0,5.0,2.0,1.0,1.0,,1.0,
250,530160,10000,4,,,2,2,,,1,0,,0.0,0.0,0.0,1.0,,,1.0,5.0,3.0,2.0,1.0,,1.0,
251,530307,50000,3,2,,4,2,6,,1,0,,0.0,0.0,1.0,,,,5.0,5.0,,,,,3.0,
252,530116,300000,2,,,,3,,,1,0,,0.0,0.0,0.0,2.0,,,1.0,5.0,,1.0,,,,
253,530010,50000,5,2,2,2,2,3,,1,0,,0.0,0.0,0.0,2.0,3.0,,1.0,5.0,3.0,2.0,2.0,,2.0,
254,530046,55000,9,3,3,6,6,11,,1,1,,0.0,0.0,1.0,3.0,4.0,,5.0,5.0,,,,,,
255,530435,220000,1,,1,,2,,,1,0,,0.0,0.0,0.0,,,,1.0,5.0,,,,,3.0,
256,530117,20000,2,,,,2,,,1,0,,0.0,0.0,0.0,,,,1.0,5.0,,,,,1.0,
257,530218,150000,6,1,3,5,3,8,,1,1,,0.0,0.0,1.0,3.0,,,2.0,2.0,,,,,,
258,530163,30000,5,1,3,2,3,2,,1,0,,0.0,0.0,0.0,1.0,1.0,,1.0,5.0,3.0,2.0,2.0,,3.0,
259,530421,100000,5,1,2,5,3,8,,1,1,,1.0,0.0,1.0,3.0,4.0,,5.0,5.0,3.0,1.0,1.0,4.0,2.0,
260,530201,20000,3,1,1,2,2,6,1,1,1,,0.0,0.0,1.0,2.0,3.0,,1.0,5.0,2.0,1.0,1.0,,1.0,
261,530206,26,3,,,,,,,1,0,,0.0,0.0,0.0,1.0,,,1.0,5.0,,1.0,1.0,,1.0,
262,530175,,5,1,,,2,,,1,0,,0.0,0.0,0.0,,,,1.0,5.0,3.0,2.0,,,2.0,
263,530236,124000,6,2,2,5,3,9,,1,1,,0.0,0.0,1.0,,5.0,,4.0,4.0,,,,,4.0,
264,530059,25000,4,2,2,3,2,5,1,1,0,,1.0,0.0,1.0,1.0,1.0,,1.0,5.0,2.0,1.0,1.0,,1.0,
265,530205,200000,12,5,5,6,6,12,1,1,0,,0.0,0.0,1.0,3.0,5.0,,5.0,5.0,,2.0,1.0,5.0,2.0,
266,530335,10000,15,2,2,4,7,5,,1,1,,0.0,0.0,0.0,2.0,2.0,,1.0,5.0,3.0,2.0,2.0,,2.0,
267,530151,60000,1,,,,3,,,1,0,,0.0,0.0,0.0,,,,1.0,5.0,,,,,1.0,
268,530073,35000,5,,3,2,2,3,,1,1,,0.0,0.0,1.0,1.0,4.0,,1.0,5.0,2.0,1.0,1.0,,2.0,
269,530064,140000,10,3,3,5,5,7,,1,1,,0.0,0.0,1.0,4.0,5.0,,2.0,2.0,,,,5.0,2.0,
270,530168,60000,3,,,,3,,,1,0,,0.0,0.0,0.0,,,,1.0,5.0,,,,,,
271,530088,50000,5,1,2,3,2,5,,1,0,,0.0,0.0,0.0,2.0,5.0,,1.0,5.0,,1.0,2.0,,2.0,
272,530085,45000,6,,,,2,,,1,1,,0.0,0.0,0.0,1.0,,,2.0,5.0,,1.0,1.0,,2.0,
273,530148,60000,,,,,5,,,1,0,,0.0,0.0,0.0,,,,1.0,5.0,,,,,2.0,
274,530382,55000,1,,,5,2,8,,1,0,,0.0,0.0,1.0,3.0,5.0,,5.0,5.0,,,,,2.0,
275,530069,90000,5,,,2,5,,,1,1,,1.0,0.0,1.0,3.0,4.0,,2.0,4.0,,1.0,3.0,,1.0,
276,530211,65000,5,2,1,4,4,8,,1,1,,0.0,0.0,1.0,,,,5.0,3.0,,,,,,
277,530142,40,3,,1,,2,,2,1,0,,0.0,0.0,1.0,2.0,2.0,,1.0,5.0,,1.0,1.0,,1.0,
278,530002,90000,5,3,,5,3,7,,1,1,,0.0,0.0,1.0,4.0,5.0,,2.0,2.0,,,,,,
279,530330,38000,4,,,2,,,,1,0,,0.0,0.0,1.0,3.0,4.0,,1.0,5.0,,1.0,3.0,,1.0,
280,530002,40000,7,3,2,5,5,6,1,1,1,,0.0,0.0,1.0,3.0,5.0,,5.0,5.0,,1.0,1.0,4.0,1.0,
281,530087,35000,3,1,2,2,3,2,,1,1,,0.0,0.0,1.0,1.0,4.0,,1.0,5.0,2.0,1.0,1.0,,2.0,
282,530042,50000,5,1,,2,2,3,,1,0,,0.0,0.0,0.0,2.0,4.0,,1.0,5.0,3.0,1.0,1.0,,,
283,530352,26,3,,,,2,,,1,0,,0.0,0.0,0.0,1.0,,,3.0,5.0,,1.0,2.0,,2.0,
284,530301,50000,4,0,,0,2,,2,1,0,,0.0,0.0,1.0,2.0,4.0,,2.0,5.0,,1.0,2.0,,1.0,
285,530183,10000,8,3,4,3,6,2,,1,0,,0.0,0.0,0.0,2.0,2.0,,1.0,5.0,3.0,1.0,1.0,,2.0,
286,560090,68000,10,2,3,3,2,5,0,1,0,,0.0,0.0,0.0,1.0,,,1.0,5.0,,1.0,1.0,,2.0,
287,560047,120000,15,5,7,3,13,4,,1,0,,,0.0,0.0,2.0,1.0,,1.0,5.0,4.0,1.0,1.0,,1.0,
288,560083,30000,15,,,3,9,6,1,1,0,,0.0,0.0,0.0,2.0,2.0,,1.0,5.0,,1.0,1.0,,1.0,
289,560103,50000,3,0,0,2,3,2,0,1,0,,0.0,0.0,0.0,1.0,,,1.0,5.0,,1.0,1.0,,2.0,
290,560216,15000,7,,,2,4,5,,1,0,,0.0,0.0,0.0,3.0,2.0,,5.0,5.0,,1.0,1.0,2.0,1.0,
291,560050,70000,4,1,1,0,2,0,2,1,1,,0.0,0.0,0.0,1.0,4.0,,2.0,5.0,,2.0,,,2.0,
292,560019,60000,4,1,1,3,2,5,1,1,0,,0.0,0.0,0.0,1.0,3.0,,2.0,5.0,,1.0,1.0,,1.0,
293,560193,60000,5,1,2,2,2,5,0,1,0,,0.0,0.0,0.0,2.0,5.0,,1.0,5.0,,1.0,1.0,,2.0,
294,560197,60000,3,0,0,3,2,5,0,1,1,,0.0,0.0,0.0,1.0,,,2.0,5.0,,1.0,1.0,,2.0,
295,560004,32000,12,,,4,8,5,,1,0,,0.0,0.0,0.0,1.0,2.0,,1.0,5.0,,1.0,1.0,,1.0,
296,560030,80000,6,2,1,5,2,6,1,1,0,,0.0,0.0,0.0,2.0,5.0,,2.0,4.0,,1.0,1.0,,1.0,
297,560060,40000,5,,,3,4,5,1,1,0,,0.0,0.0,0.0,2.0,2.0,,1.0,5.0,,1.0,1.0,,1.0,
298,560029,300000,8,2,2,4,2,5,0,1,1,,0.0,0.0,0.0,1.0,5.0,,1.0,5.0,,1.0,1.0,,2.0,
299,560028,83000,6,,,5,,6,,1,0,,0.0,0.0,0.0,2.0,,,1.0,5.0,4.0,,2.0,,1.0,
300,560016,90000,8,3,,3,4,5,0,1,0,,0.0,0.0,0.0,1.0,5.0,,1.0,5.0,,1.0,1.0,5.0,2.0,
301,560162,50000,3,0,0,2,1,5,0,1,0,,0.0,0.0,0.0,1.0,5.0,,1.0,5.0,,1.0,1.0,,2.0,
302,560179,20000,4,0,0,2,2,3,0,1,0,,0.0,0.0,0.0,1.0,4.0,,2.0,5.0,,1.0,,,2.0,
303,560045,15,9,2,2,3,4,2,,1,1,,0.0,0.0,0.0,3.0,3.0,,1.0,5.0,,1.0,1.0,,1.0,
304,560011,10000,6,2,1,4,1,5,0,1,0,,0.0,0.0,0.0,1.0,5.0,,1.0,5.0,,2.0,,,2.0,
305,560117,50000,2,,,0,2,2,0,1,0,,0.0,0.0,0.0,1.0,4.0,,2.0,5.0,,2.0,2.0,,2.0,
306,560018,80000,9,2,4,2,3,5,0,1,0,,0.0,0.0,0.0,1.0,4.0,,1.0,5.0,,1.0,1.0,,2.0,
307,560080,70000,7,2,2,3,2,3,1,1,0,,0.0,0.0,0.0,1.0,3.0,,2.0,5.0,,1.0,3.0,,1.0,
308,560010,80000,4,1,1,4,2,5,1,1,0,,0.0,0.0,0.0,2.0,4.0,,1.0,5.0,,1.0,1.0,,1.0,
309,560021,50000,30,,,5,12,8,,1,0,,1.0,0.0,0.0,1.0,2.0,,1.0,4.0,,1.0,1.0,,1.0,
310,560180,25000,24,,,4,15,6,1,1,0,,0.0,0.0,0.0,2.0,2.0,,1.0,5.0,,1.0,1.0,,1.0,
311,560005,60000,25,,,5,17,9,,1,1,,0.0,0.0,0.0,3.0,2.0,,1.0,4.0,,1.0,1.0,,1.0,
312,560149,80000,3,2,,5,2,5,1,1,0,,0.0,0.0,0.0,1.0,5.0,,2.0,5.0,,1.0,1.0,,1.0,
313,560110,150000,3,1,1,3,1,3,1,1,0,,0.0,0.0,0.0,1.0,4.0,,1.0,5.0,,1.0,1.0,,1.0,
314,560062,80000,8,2,1,4,4,8,1,1,0,,0.0,0.0,0.0,2.0,4.0,,2.0,5.0,4.0,1.0,1.0,,1.0,
315,560061,35000,9,,,4,6,5,,1,0,,0.0,0.0,0.0,2.0,3.0,,1.0,5.0,,1.0,1.0,,1.0,
316,560020,150000,6,1,2,4,3,5,1,1,0,,0.0,0.0,0.0,1.0,1.0,,2.0,5.0,,1.0,1.0,,1.0,
317,560195,90000,4,1,2,3,2,3,1,1,0,,0.0,0.0,0.0,1.0,4.0,,2.0,5.0,,1.0,1.0,,1.0,
318,560202,10000,8,,,2,3,4,,1,0,,0.0,0.0,0.0,2.0,2.0,,1.0,5.0,,1.0,2.0,,1.0,
319,560087,25000,9,,,3,5,6,1,1,1,,1.0,0.0,0.0,2.0,2.0,,1.0,5.0,,1.0,1.0,2.0,1.0,
320,560100,80000,5,3,,3,2,3,1,1,0,,0.0,0.0,0.0,2.0,4.0,,2.0,5.0,,1.0,1.0,,1.0,
321,560114,100000,5,2,1,4,2,4,1,1,0,,0.0,0.0,0.0,1.0,3.0,,2.0,5.0,,1.0,1.0,,1.0,
322,560051,20000,10,3,4,2,7,3,1,1,0,,0.0,0.0,0.0,2.0,4.0,,1.0,5.0,,1.0,1.0,,1.0,
323,560075,150000,4,1,1,3,2,5,1,1,0,,0.0,0.0,0.0,1.0,4.0,,2.0,5.0,,1.0,1.0,,1.0,
324,560048,20000,7,,,4,6,8,1,1,0,,0.0,0.0,0.0,2.0,2.0,,1.0,5.0,,1.0,1.0,,1.0,
325,560013,25000,6,3,4,3,4,5,1,1,1,,0.0,0.0,0.0,2.0,3.0,,1.0,5.0,,1.0,1.0,,1.0,
326,560054,60000,5,2,1,2,1,2,1,1,0,,0.0,0.0,0.0,2.0,1.0,,2.0,4.0,3.0,1.0,1.0,,1.0,
327,560034,43000,3,1,,3,2,5,0,1,0,,0.0,0.0,0.0,1.0,,,1.0,5.0,,1.0,1.0,,1.0,
328,560017,15000,12,3,2,5,9,5,1,1,0,,1.0,0.0,0.0,2.0,3.0,,1.0,5.0,,1.0,1.0,,1.0,
329,560164,30000,16,,,2,9,5,2,1,1,,0.0,0.0,0.0,2.0,3.0,,1.0,5.0,,1.0,1.0,,1.0,
330,560121,18000,6,,,4,5,4,,1,1,,0.0,0.0,0.0,2.0,2.0,,1.0,5.0,,1.0,1.0,,1.0,
331,560029,35000,2,,,3,2,6,,1,1,,1.0,0.0,0.0,2.0,5.0,,1.0,5.0,4.0,2.0,2.0,,1.0,
332,560153,15000,9,,,3,5,4,,1,0,,0.0,0.0,0.0,2.0,2.0,,1.0,5.0,,1.0,2.0,2.0,1.0,
333,560181,60000,8,1,3,4,3,5,1,1,0,,0.0,0.0,0.0,2.0,4.0,,1.0,5.0,,1.0,1.0,,1.0,
334,560008,80000,10,3,5,4,8,6,1,1,0,,0.0,0.0,0.0,3.0,4.0,,1.0,5.0,,1.0,1.0,,1.0,
335,560091,60000,4,1,1,2,3,3,1,1,0,,0.0,0.0,0.0,2.0,2.0,,2.0,5.0,,1.0,1.0,,1.0,
336,560055,25000,15,,,4,9,5,,1,1,,0.0,0.0,0.0,2.0,2.0,,1.0,5.0,,1.0,1.0,,1.0,
337,252102,5000,9,4,2,3,2,4,0,0,0,0.0,0.0,1.0,1.0,2.0,2.0,,4.0,5.0,3.0,1.0,1.0,2.0,,
338,161018,7000,5,2,1,3,,3,3,0,0,0.0,0.0,,,2.0,3.0,,1.0,5.0,2.0,1.0,1.0,1.0,,
339,252219,6000,6,1,1,2,2,3,2,0,0,1.0,1.0,1.0,1.0,1.0,1.0,,4.0,5.0,3.0,1.0,1.0,2.0,,
340,252143,6600,6,2,2,2,2,3,1,1,1,0.0,1.0,1.0,1.0,1.0,2.0,,2.0,5.0,3.0,2.0,2.0,2.0,,
341,252184,6000,11,0,0,0,1,3,0,0,0,0.0,1.0,1.0,1.0,2.0,2.0,,4.0,5.0,3.0,1.0,2.0,2.0,2.0,
342,252149,8000,10,4,2,2,2,3,1,0,0,0.0,1.0,1.0,1.0,3.0,2.0,,2.0,5.0,3.0,1.0,2.0,2.0,2.0,
343,252148,6000,10,1,1,1,2,4,1,1,1,0.0,1.0,1.0,1.0,3.0,2.0,,2.0,5.0,3.0,1.0,2.0,2.0,2.0,
344,252114,5000,6,2,0,1,2,1,1,0,0,0.0,1.0,1.0,1.0,3.0,2.0,,2.0,5.0,3.0,2.0,2.0,2.0,2.0,
345,252119,7500,7,3,1,1,1,4,1,1,1,0.0,1.0,1.0,1.0,2.0,2.0,,4.0,5.0,3.0,2.0,1.0,2.0,2.0,
346,252132,9000,13,2,2,1,2,4,1,1,0,0.0,1.0,1.0,1.0,2.0,2.0,,4.0,5.0,3.0,1.0,2.0,2.0,,
347,252113,6000,8,2,3,1,0,4,0,0,0,0.0,1.0,1.0,1.0,2.0,2.0,,4.0,5.0,3.0,1.0,1.0,2.0,,
348,252152,6000,6,0,0,1,1,4,1,0,0,0.0,1.0,1.0,1.0,2.0,2.0,,4.0,5.0,3.0,2.0,1.0,2.0,2.0,
349,252157,8000,12,1,3,1,5,4,1,0,0,0.0,1.0,1.0,1.0,2.0,2.0,,4.0,5.0,3.0,2.0,1.0,2.0,2.0,
350,252104,7500,8,3,0,1,2,4,1,0,0,0.0,1.0,1.0,1.0,2.0,2.0,,4.0,5.0,3.0,1.0,2.0,2.0,2.0,
351,252153,9000,10,2,2,1,2,5,1,1,1,0.0,1.0,1.0,1.0,2.0,2.0,,4.0,5.0,3.0,2.0,2.0,2.0,2.0,
352,252106,6000,9,0,2,1,2,4,1,0,0,0.0,1.0,1.0,1.0,2.0,2.0,,4.0,5.0,3.0,2.0,2.0,2.0,2.0,
353,252182,6000,8,2,1,1,0,4,1,0,0,0.0,1.0,1.0,1.0,2.0,2.0,,4.0,5.0,3.0,2.0,2.0,2.0,2.0,
354,252129,6000,9,0,2,1,2,4,1,0,0,0.0,1.0,1.0,1.0,2.0,1.0,,4.0,5.0,3.0,2.0,3.0,2.0,2.0,
355,252137,6000,7,1,0,1,2,4,1,0,0,0.0,1.0,1.0,1.0,2.0,2.0,,4.0,5.0,3.0,3.0,3.0,2.0,3.0,
356,252107,6000,6,0,0,1,1,4,1,0,0,0.0,1.0,1.0,1.0,2.0,2.0,,4.0,5.0,3.0,3.0,3.0,2.0,2.0,
357,252194,6000,6,0,0,1,1,3,0,0,0,0.0,1.0,1.0,1.0,2.0,2.0,,4.0,5.0,3.0,2.0,1.0,2.0,2.0,
358,252111,6000,6,1,0,0,2,4,0,0,0,0.0,1.0,1.0,1.0,2.0,2.0,,4.0,5.0,3.0,2.0,2.0,2.0,2.0,
359,252190,6500,6,0,0,0,1,4,0,0,0,0.0,1.0,1.0,1.0,2.0,2.0,,2.0,5.0,3.0,2.0,2.0,2.0,2.0,
360,252216,8500,6,2,0,0,1,3,0,0,0,0.0,0.0,1.0,1.0,2.0,2.0,,2.0,5.0,3.0,1.0,1.0,2.0,2.0,
361,131920,0,9,2,4,2,,3,0,0,0,0.0,0.0,,,2.0,2.0,,3.0,3.0,4.0,1.0,1.0,1.0,,
362,131809,0,7,1,3,2,,1,1,0,0,0.0,0.0,,,2.0,1.0,,1.0,1.0,4.0,1.0,1.0,1.0,,
363,181070,4000,5,0,1,0,,8,0,0,0,0.0,0.0,,,1.0,1.0,,1.0,5.0,4.0,1.0,1.0,1.0,,
364,151276,7000,5,1,0,5,,24,2,0,0,1.0,1.0,,,1.0,1.0,,5.0,5.0,3.0,3.0,2.0,2.0,,
365,131688,200,10,5,3,1,,4,6,1,1,0.0,0.0,,,2.0,2.0,,1.0,4.0,3.0,2.0,1.0,1.0,,
366,131813,0,8,0,7,2,,3,0,0,0,0.0,0.0,,,2.0,2.0,,2.0,5.0,4.0,1.0,1.0,1.0,,
367,131268,0,10,3,3,1,,2,0,0,0,0.0,0.0,,,1.0,1.0,,5.0,5.0,4.0,1.0,1.0,1.0,,
368,131268,9000,6,2,1,1,1,4,1,0,0,0.0,0.0,1.0,1.0,1.0,3.0,,1.0,5.0,4.0,2.0,1.0,1.0,2.0,
369,263029,9000,12,2,8,2,,2,1,0,0,0.0,0.0,,,3.0,2.0,,1.0,5.0,4.0,2.0,3.0,1.0,,
370,134215,2000,9,2,5,1,,1,1,0,0,,0.0,,,3.0,1.0,,1.0,5.0,4.0,1.0,3.0,1.0,,
371,131289,0,6,3,1,2,,2,1,0,0,0.0,0.0,,,1.0,2.0,,2.0,2.0,4.0,1.0,1.0,1.0,,
372,131814,0,8,3,4,2,,3,1,0,0,0.0,0.0,,,2.0,2.0,,3.0,3.0,4.0,1.0,1.0,1.0,,
373,131799,0,8,2,5,1,,2,2,2,1,0.0,0.0,,,2.0,2.0,,2.0,2.0,3.0,1.0,1.0,1.0,,
374,134113,3000,6,2,4,0,0,1,1,0,0,0.0,0.0,,,2.0,3.0,,1.0,1.0,4.0,,,,,
375,151211,5000,5,1,1,6,,24,2,1,0,0.0,1.0,,,1.0,1.0,,5.0,5.0,2.0,2.0,5.0,3.0,,
376,131795,0,7,3,1,2,,3,1,0,0,0.0,0.0,,,1.0,2.0,,2.0,4.0,4.0,1.0,2.0,,,
377,131271,1500,10,5,5,3,2,8,1,1,0,0.0,0.0,1.0,0.0,1.0,1.0,,2.0,2.0,4.0,1.0,1.0,1.0,,
378,134141,3000,7,0,5,0,1,2,0,0,0,0.0,0.0,0.0,1.0,3.0,2.0,,1.0,1.0,4.0,1.0,2.0,1.0,3.0,
379,134136,0,13,5,5,2,1,2,0,0,0,0.0,0.0,1.0,1.0,3.0,3.0,,1.0,1.0,4.0,1.0,2.0,1.0,3.0,
380,134122,7400,6,0,3,2,1,2,0,0,0,0.0,0.0,0.0,0.0,3.0,2.0,,1.0,1.0,4.0,1.0,2.0,1.0,4.0,
381,151205,3000,1,0,1,4,,24,2,1,0,0.0,1.0,,,1.0,2.0,,1.0,5.0,2.0,2.0,2.0,2.0,,
382,151232,10000,5,1,1,4,,24,0,0,0,0.0,1.0,,,3.0,2.0,,1.0,5.0,3.0,2.0,3.0,3.0,,
383,131808,0,9,1,4,1,,1,1,0,0,0.0,0.0,,,3.0,2.0,,1.0,2.0,4.0,1.0,1.0,1.0,,
384,131941,0,6,3,1,1,,2,1,0,0,0.0,0.0,,,2.0,2.0,,4.0,2.0,4.0,1.0,1.0,1.0,,
385,151234,3000,4,1,1,2,,24,1,0,0,0.0,1.0,,,1.0,1.0,,1.0,5.0,3.0,2.0,2.0,2.0,,
386,141140,1500,4,2,0,3,,7,0,0,0,1.0,1.0,,,2.0,2.0,,1.0,5.0,3.0,1.0,1.0,3.0,,
387,131427,4000,6,3,1,2,,2,0,0,0,0.0,0.0,,,1.0,1.0,,5.0,5.0,4.0,1.0,1.0,1.0,,
388,131818,4000,6,1,3,0,,2,2,1,1,0.0,0.0,,,1.0,2.0,,1.0,5.0,3.0,1.0,1.0,2.0,,
389,181040,21000,5,0,3,3,,8,0,0,0,0.0,1.0,,,2.0,1.0,,1.0,5.0,4.0,2.0,2.0,1.0,,
390,141223,1000,13,5,2,2,,5,0,1,1,1.0,1.0,,,1.0,2.0,,1.0,5.0,3.0,1.0,1.0,3.0,,
391,181013,4000,5,2,0,2,,4,0,0,0,0.0,0.0,,,3.0,1.0,,1.0,5.0,4.0,3.0,3.0,1.0,,
392,151239,10000,4,1,1,4,,24,4,0,0,0.0,1.0,,,2.0,2.0,,1.0,5.0,3.0,3.0,3.0,2.0,,
393,190152,10000,16,2,4,1,2,5,0,1,0,0.0,0.0,0.0,0.0,1.0,3.0,,1.0,5.0,3.0,2.0,2.0,2.0,,
394,151242,25000,5,1,2,4,,24,2,0,0,0.0,1.0,,,2.0,3.0,,1.0,5.0,3.0,1.0,3.0,2.0,,
395,151208,10000,5,2,2,4,,24,3,1,1,0.0,1.0,,,1.0,1.0,,1.0,5.0,3.0,2.0,3.0,2.0,,
396,190157,1000,7,1,4,2,1,4,1,0,0,0.0,0.0,0.0,0.0,3.0,1.0,,1.0,5.0,3.0,2.0,3.0,2.0,,
397,190125,300,7,4,3,3,2,1,1,0,0,0.0,0.0,1.0,1.0,3.0,1.0,,1.0,5.0,3.0,2.0,2.0,2.0,3.0,
398,190117,3000,10,2,2,2,2,4,3,0,0,0.0,1.0,1.0,0.0,2.0,1.0,,1.0,5.0,3.0,2.0,2.0,2.0,,
399,190106,1000,7,2,3,2,2,3,1,0,0,0.0,0.0,0.0,0.0,2.0,1.0,,1.0,5.0,3.0,3.0,4.0,2.0,2.0,
400,190107,2000,6,0,4,1,1,3,1,0,0,0.0,0.0,0.0,0.0,3.0,1.0,,1.0,5.0,3.0,2.0,3.0,2.0,3.0,
401,190211,500,6,2,1,1,2,2,1,0,0,0.0,0.0,0.0,0.0,2.0,1.0,,1.0,5.0,3.0,3.0,2.0,2.0,2.0,
402,190230,4000,7,1,2,2,2,4,2,0,0,0.0,1.0,1.0,0.0,2.0,1.0,,1.0,5.0,3.0,2.0,2.0,2.0,,
403,190134,2000,7,2,3,2,2,5,1,0,0,0.0,1.0,1.0,0.0,2.0,1.0,,1.0,5.0,3.0,2.0,3.0,2.0,,
404,190124,3000,7,3,1,2,2,4,1,0,0,0.0,1.0,1.0,0.0,1.0,1.0,,1.0,5.0,3.0,2.0,2.0,2.0,,
405,190254,2000,8,2,3,3,2,4,2,0,0,0.0,1.0,1.0,0.0,1.0,1.0,,1.0,5.0,3.0,2.0,2.0,2.0,,
406,190156,3000,9,2,2,3,2,5,3,0,0,0.0,1.0,1.0,0.0,1.0,1.0,,1.0,5.0,3.0,2.0,2.0,2.0,,
407,190207,500,6,1,3,2,3,3,1,0,0,0.0,0.0,0.0,0.0,2.0,1.0,,1.0,5.0,3.0,3.0,3.0,2.0,3.0,
408,190148,3000,8,4,1,2,2,3,1,0,0,0.0,0.0,0.0,0.0,3.0,1.0,,1.0,5.0,3.0,3.0,2.0,2.0,2.0,
409,190142,10000,6,3,1,3,2,3,1,0,0,0.0,0.0,1.0,1.0,3.0,1.0,,1.0,5.0,3.0,2.0,2.0,2.0,2.0,
410,190149,3000,10,3,3,2,2,2,1,0,0,0.0,0.0,0.0,0.0,3.0,1.0,,1.0,5.0,3.0,3.0,3.0,2.0,3.0,
411,190140,2500,6,2,2,2,2,3,1,0,0,0.0,0.0,1.0,1.0,2.0,1.0,,1.0,5.0,3.0,1.0,1.0,2.0,4.0,
412,190154,3000,7,2,2,2,2,2,1,0,0,0.0,0.0,0.0,0.0,2.0,1.0,,1.0,5.0,3.0,3.0,2.0,2.0,4.0,
413,190144,1500,7,2,2,3,2,2,2,0,0,0.0,1.0,1.0,0.0,2.0,1.0,,1.0,5.0,3.0,2.0,2.0,2.0,,
414,190269,1500,8,3,2,2,2,3,1,0,0,0.0,0.0,0.0,0.0,3.0,1.0,,1.0,5.0,3.0,3.0,3.0,2.0,3.0,
415,190162,2000,6,1,2,3,3,,2,0,0,0.0,1.0,1.0,0.0,2.0,1.0,,1.0,5.0,3.0,2.0,2.0,2.0,,
416,190231,1500,8,2,3,1,1,2,1,0,0,0.0,0.0,1.0,0.0,2.0,1.0,,1.0,5.0,3.0,3.0,2.0,2.0,3.0,
417,190257,800,8,2,4,1,2,3,1,0,0,0.0,0.0,1.0,0.0,3.0,1.0,,1.0,5.0,3.0,3.0,3.0,2.0,3.0,
418,190259,3500,6,1,2,2,2,4,1,0,0,0.0,1.0,1.0,0.0,2.0,1.0,,1.0,5.0,3.0,2.0,2.0,2.0,,
419,190228,1000,6,1,1,1,1,2,1,0,0,0.0,0.0,1.0,0.0,2.0,1.0,,1.0,5.0,3.0,3.0,3.0,2.0,3.0,
420,190200,10000,6,3,3,1,2,2,1,0,0,0.0,0.0,1.0,0.0,2.0,1.0,,1.0,5.0,3.0,3.0,3.0,2.0,2.0,
421,190241,2000,6,1,1,3,2,,1,0,0,0.0,1.0,1.0,0.0,2.0,1.0,,1.0,5.0,3.0,2.0,2.0,2.0,,
422,190201,1000,7,2,1,2,2,1,1,0,0,0.0,0.0,1.0,0.0,2.0,1.0,,1.0,5.0,3.0,3.0,2.0,2.0,3.0,
423,190244,3000,6,1,1,3,2,4,1,0,0,0.0,1.0,1.0,0.0,2.0,1.0,,1.0,1.0,3.0,2.0,2.0,2.0,,
424,190349,2500,7,1,2,2,2,4,2,0,0,0.0,1.0,1.0,0.0,2.0,1.0,,1.0,1.0,3.0,2.0,2.0,2.0,,
425,190206,1000,6,2,2,2,2,2,1,0,0,0.0,0.0,1.0,0.0,2.0,1.0,,1.0,5.0,3.0,3.0,2.0,2.0,3.0,
426,190248,2000,6,3,2,2,2,2,1,0,0,0.0,0.0,1.0,0.0,3.0,1.0,,1.0,5.0,3.0,3.0,2.0,2.0,3.0,
427,190170,1500,7,3,1,2,3,2,1,0,0,0.0,0.0,1.0,0.0,2.0,1.0,,1.0,5.0,3.0,3.0,2.0,2.0,3.0,
428,190118,3500,6,1,2,3,2,4,2,0,0,0.0,1.0,1.0,0.0,2.0,1.0,,1.0,5.0,3.0,2.0,2.0,2.0,,
429,190141,1500,,2,2,2,3,,1,0,0,0.0,0.0,1.0,0.0,2.0,1.0,,1.0,5.0,3.0,3.0,2.0,2.0,3.0,
430,190227,3500,8,4,2,3,3,3,1,0,0,0.0,0.0,1.0,0.0,3.0,1.0,,1.0,5.0,3.0,3.0,3.0,2.0,3.0,
431,190250,2000,8,1,2,3,2,4,2,0,0,0.0,1.0,1.0,0.0,2.0,1.0,,1.0,5.0,3.0,2.0,2.0,2.0,,
432,190265,3500,9,1,2,3,3,5,2,0,0,0.0,,1.0,0.0,2.0,1.0,,1.0,5.0,3.0,2.0,2.0,2.0,,
433,190267,3500,9,2,3,3,2,5,1,0,0,0.0,1.0,1.0,0.0,2.0,1.0,,1.0,5.0,3.0,2.0,2.0,2.0,,
434,190173,3500,7,1,2,3,2,4,2,0,0,0.0,1.0,1.0,0.0,2.0,1.0,,1.0,5.0,3.0,2.0,2.0,2.0,,
435,190210,2500,6,0,2,2,2,4,2,0,0,0.0,1.0,1.0,0.0,2.0,1.0,,1.0,5.0,3.0,2.0,2.0,2.0,,
436,190261,1500,7,1,3,2,2,4,2,0,0,0.0,1.0,1.0,0.0,2.0,1.0,,1.0,5.0,3.0,2.0,2.0,2.0,,
437,190300,5000,10,3,5,1,4,4,1,0,0,0.0,0.0,1.0,0.0,2.0,1.0,,1.0,5.0,3.0,3.0,3.0,2.0,,
438,190153,7000,15,4,5,2,4,4,2,0,0,0.0,0.0,1.0,0.0,2.0,1.0,,1.0,5.0,3.0,2.0,2.0,2.0,,
439,190174,4500,8,2,3,3,2,4,2,0,0,0.0,0.0,1.0,0.0,3.0,1.0,,1.0,5.0,3.0,3.0,3.0,2.0,,
440,190138,4000,6,4,0,3,2,4,3,0,0,0.0,0.0,1.0,0.0,2.0,1.0,,1.0,5.0,3.0,2.0,3.0,2.0,,
441,190137,3000,7,3,2,2,2,4,2,0,0,0.0,0.0,1.0,0.0,3.0,1.0,,1.0,5.0,3.0,3.0,3.0,2.0,,
442,190150,2500,6,3,1,2,2,4,2,0,0,0.0,0.0,1.0,0.0,2.0,1.0,,1.0,5.0,3.0,3.0,3.0,2.0,,
443,224839,30000,16,5,1,10,10,4,0,2,1,0.0,0.0,1.0,1.0,1.0,2.0,,1.0,5.0,3.0,1.0,2.0,3.0,,
444,224601,20000,15,6,5,2,2,3,1,2,1,0.0,0.0,1.0,1.0,2.0,2.0,,1.0,5.0,3.0,1.0,2.0,2.0,,
445,224674,10000,8,3,3,2,2,3,1,1,1,0.0,1.0,1.0,1.0,1.0,1.0,,1.0,5.0,3.0,1.0,1.0,2.0,,
446,224659,5000,9,3,4,1,2,3,1,1,1,1.0,1.0,1.0,1.0,2.0,1.0,,1.0,5.0,3.0,1.0,2.0,1.0,,
447,224585,0,10,4,3,2,2,3,1,0,0,0.0,1.0,1.0,1.0,2.0,1.0,,1.0,5.0,3.0,1.0,1.0,2.0,,
448,224646,20000,7,3,0,3,3,3,1,1,1,0.0,1.0,1.0,1.0,1.0,1.0,,1.0,5.0,3.0,1.0,2.0,2.0,,
449,224642,0,7,3,2,1,1,3,1,0,0,0.0,1.0,1.0,1.0,2.0,1.0,,1.0,5.0,,1.0,1.0,1.0,,
450,224712,10000,10,4,4,2,2,3,1,1,0,1.0,1.0,1.0,1.0,1.0,1.0,,1.0,5.0,3.0,1.0,2.0,2.0,,
451,224735,0,6,2,2,0,1,3,1,0,0,0.0,1.0,1.0,1.0,2.0,1.0,,1.0,5.0,3.0,1.0,1.0,1.0,,
452,224759,3000,11,1,3,0,1,3,1,0,0,0.0,1.0,1.0,1.0,1.0,1.0,,1.0,5.0,,1.0,1.0,1.0,,
453,224699,10000,9,4,2,1,1,3,1,1,0,0.0,1.0,1.0,1.0,2.0,1.0,,1.0,5.0,3.0,2.0,2.0,2.0,,
454,224804,30000,10,4,3,3,3,12,1,1,0,0.0,1.0,1.0,1.0,2.0,2.0,,1.0,5.0,3.0,1.0,2.0,3.0,,
455,224688,10000,10,2,5,4,4,4,4,1,1,0.0,1.0,1.0,1.0,2.0,1.0,,1.0,5.0,3.0,2.0,2.0,2.0,,
456,224684,15000,11,4,3,2,2,3,1,1,1,0.0,1.0,1.0,1.0,3.0,2.0,,1.0,5.0,3.0,2.0,2.0,2.0,,
457,224761,120000,8,3,3,1,2,3,1,0,0,0.0,1.0,1.0,1.0,2.0,1.0,,1.0,5.0,3.0,1.0,2.0,2.0,,
458,224664,20000,12,4,4,2,3,6,1,1,0,0.0,1.0,1.0,1.0,3.0,1.0,,1.0,5.0,3.0,1.0,2.0,2.0,,
459,224635,10000,6,2,1,1,2,3,1,1,1,0.0,1.0,1.0,1.0,2.0,1.0,,1.0,5.0,,1.0,2.0,2.0,,
460,224815,250000,9,3,4,1,2,5,1,1,0,0.0,0.0,1.0,1.0,3.0,1.0,,1.0,5.0,3.0,1.0,2.0,2.0,,
461,224603,4000,6,1,2,1,1,3,1,1,0,0.0,0.0,1.0,1.0,1.0,1.0,,1.0,5.0,3.0,1.0,1.0,2.0,,
462,224604,15000,6,2,2,1,2,4,1,1,0,0.0,0.0,1.0,1.0,1.0,1.0,,1.0,5.0,3.0,1.0,1.0,1.0,,
463,224792,25000,8,3,2,1,2,,1,1,0,0.0,0.0,1.0,1.0,1.0,1.0,,1.0,5.0,3.0,1.0,1.0,2.0,,
464,224589,25000,9,2,4,2,3,4,2,1,1,0.0,0.0,1.0,1.0,1.0,1.0,,1.0,5.0,3.0,1.0,2.0,2.0,,
465,224711,12000,12,2,6,1,2,3,1,0,0,0.0,0.0,1.0,1.0,3.0,2.0,,1.0,5.0,3.0,1.0,3.0,2.0,,
466,224881,9000,8,2,2,1,1,3,1,1,1,0.0,0.0,1.0,1.0,1.0,1.0,,1.0,5.0,3.0,1.0,4.0,2.0,,
467,224828,30000,6,2,2,2,2,5,2,1,0,0.0,0.0,1.0,1.0,3.0,2.0,,1.0,5.0,3.0,1.0,3.0,2.0,,
468,224838,9000,6,1,2,1,1,4,1,2,1,0.0,0.0,1.0,1.0,2.0,1.0,,1.0,5.0,3.0,2.0,1.0,1.0,,
469,242237,3000,6,2,1,2,2,3,1,0,0,0.0,0.0,1.0,1.0,3.0,1.0,,1.0,2.0,3.0,2.0,1.0,2.0,2.0,
470,242176,16000,8,2,2,3,4,5,0,0,0,0.0,0.0,1.0,1.0,3.0,3.0,,1.0,5.0,3.0,2.0,2.0,2.0,2.0,
471,242153,32000,7,2,1,3,2,4,3,0,0,0.0,0.0,1.0,1.0,3.0,2.0,,1.0,5.0,3.0,3.0,2.0,2.0,,
472,242174,25000,7,2,2,3,2,6,2,1,0,0.0,0.0,1.0,1.0,4.0,2.0,,1.0,5.0,3.0,1.0,1.0,2.0,2.0,
473,242288,15000,7,1,2,2,1,2,1,1,0,0.0,0.0,1.0,1.0,3.0,2.0,,1.0,5.0,3.0,1.0,1.0,1.0,,
474,242155,500000,7,0,4,4,3,8,0,0,0,0.0,0.0,1.0,1.0,3.0,3.0,,1.0,5.0,4.0,1.0,1.0,1.0,,
475,242214,15000,9,2,4,0,3,3,0,1,1,0.0,0.0,1.0,1.0,4.0,2.0,,1.0,5.0,3.0,1.0,1.0,1.0,,
476,242228,1000,7,3,2,1,2,2,0,1,1,0.0,0.0,1.0,1.0,1.0,1.0,,1.0,5.0,3.0,1.0,1.0,1.0,,
477,242117,12500,6,0,1,2,2,2,0,0,0,0.0,0.0,1.0,1.0,1.0,1.0,,1.0,5.0,3.0,1.0,1.0,1.0,,
478,242116,20000,6,2,1,2,2,2,0,1,0,0.0,0.0,1.0,1.0,1.0,1.0,,1.0,5.0,3.0,1.0,1.0,1.0,,
479,242291,450,6,1,0,1,1,2,0,0,0,0.0,0.0,1.0,1.0,1.0,1.0,,1.0,5.0,3.0,1.0,1.0,1.0,,
480,242222,10000,6,0,0,1,2,2,0,1,0,0.0,0.0,1.0,1.0,1.0,1.0,,1.0,5.0,3.0,1.0,1.0,1.0,,
481,242175,25000,6,1,2,1,2,2,0,1,0,0.0,0.0,1.0,1.0,1.0,1.0,,1.0,5.0,3.0,1.0,1.0,1.0,,
482,242224,7800,7,3,2,3,3,7,1,0,0,0.0,0.0,1.0,1.0,3.0,1.0,,2.0,1.0,3.0,1.0,1.0,2.0,2.0,
483,242250,9000,6,2,1,3,3,4,1,1,1,0.0,0.0,1.0,1.0,4.0,1.0,,2.0,3.0,3.0,2.0,2.0,2.0,2.0,
484,242197,12000,6,2,0,3,2,6,2,0,0,0.0,0.0,1.0,1.0,3.0,1.0,,3.0,1.0,4.0,1.0,2.0,2.0,,
485,242216,14500,9,1,4,3,2,5,1,1,1,0.0,0.0,1.0,1.0,3.0,1.0,,3.0,2.0,3.0,2.0,3.0,2.0,,
486,242190,6900,6,1,2,2,2,5,2,0,0,0.0,0.0,1.0,1.0,3.0,1.0,,1.0,5.0,4.0,1.0,4.0,2.0,,
487,242175,24000,7,2,2,3,2,6,2,0,0,0.0,0.0,1.0,1.0,2.0,2.0,,2.0,5.0,4.0,1.0,3.0,2.0,,
488,242215,3600,6,2,1,2,2,5,0,0,0,0.0,0.0,1.0,1.0,1.0,1.0,,5.0,5.0,3.0,1.0,1.0,2.0,,
489,242230,7000,8,1,3,2,3,0,0,0,0,0.0,0.0,1.0,1.0,2.0,1.0,,4.0,4.0,3.0,1.0,1.0,2.0,2.0,
490,242164,9000,6,1,1,2,1,3,0,0,0,0.0,0.0,1.0,1.0,2.0,1.0,,1.0,5.0,3.0,1.0,2.0,2.0,,
491,242165,35000,6,2,2,2,2,4,2,0,0,0.0,0.0,1.0,1.0,2.0,1.0,,1.0,5.0,3.0,1.0,2.0,2.0,,
492,242136,36000,7,2,2,3,2,6,2,1,1,0.0,0.0,1.0,1.0,3.0,2.0,,1.0,5.0,3.0,1.0,2.0,2.0,,
493,242157,30000,8,3,2,3,3,7,2,1,0,0.0,0.0,1.0,1.0,4.0,2.0,,2.0,5.0,3.0,1.0,1.0,2.0,,
494,242311,15000,7,3,1,0,2,3,0,1,0,1.0,0.0,1.0,1.0,1.0,1.0,,2.0,4.0,3.0,1.0,1.0,1.0,,
495,242312,7000,7,3,1,3,3,4,0,0,0,1.0,0.0,1.0,1.0,2.0,1.0,,1.0,1.0,3.0,1.0,1.0,1.0,,
496,242318,29000,6,2,1,3,2,5,0,1,0,1.0,0.0,1.0,1.0,1.0,1.0,,1.0,2.0,3.0,1.0,1.0,1.0,,
497,242320,20000,6,3,1,3,2,4,1,0,0,1.0,0.0,1.0,1.0,1.0,1.0,,3.0,5.0,3.0,1.0,1.0,1.0,,
498,242324,50000,7,3,1,4,3,12,1,1,1,1.0,0.0,1.0,1.0,1.0,1.0,,2.0,5.0,3.0,1.0,1.0,1.0,,
499,151210,4000,7,2,1,3,,24,2,0,0,1.0,1.0,,,2.0,1.0,,1.0,5.0,3.0,3.0,2.0,2.0,,
500,151233,2000,8,3,2,3,,24,2,0,0,0.0,1.0,,,1.0,1.0,,1.0,5.0,3.0,2.0,3.0,2.0,,
501,151235,3000,7,2,2,2,,24,1,1,0,0.0,1.0,,,1.0,1.0,,1.0,5.0,3.0,2.0,3.0,2.0,,
502,151139,,7,1,3,4,,24,2,0,0,0.0,1.0,,,2.0,1.0,,5.0,5.0,3.0,3.0,3.0,2.0,,
503,181018,7000,6,0,2,2,,4,0,0,0,0.0,0.0,,,2.0,1.0,,1.0,5.0,3.0,2.0,2.0,1.0,,
504,181036,7000,6,2,2,2,,4,0,0,0,0.0,0.0,,,2.0,1.0,,1.0,1.0,2.0,2.0,2.0,1.0,,
505,190219,2000,4,0,1,3,2,4,2,0,0,0.0,1.0,1.0,0.0,1.0,1.0,,1.0,5.0,3.0,2.0,2.0,2.0,,
506,190205,1000,5,1,1,1,2,4,2,0,0,1.0,1.0,1.0,0.0,2.0,1.0,,1.0,5.0,3.0,2.0,2.0,2.0,,
507,190111,1500,4,1,1,2,2,5,2,0,0,0.0,1.0,1.0,0.0,2.0,1.0,,1.0,5.0,3.0,2.0,2.0,2.0,,
508,190158,2000,4,1,1,2,2,4,2,0,0,0.0,1.0,1.0,0.0,2.0,1.0,,1.0,5.0,3.0,2.0,2.0,2.0,,
509,190168,2500,5,0,2,2,2,4,2,0,0,0.0,1.0,1.0,0.0,2.0,1.0,,1.0,5.0,3.0,2.0,2.0,2.0,,
510,190131,4000,5,0,1,2,2,4,2,0,0,0.0,1.0,1.0,0.0,2.0,1.0,,1.0,5.0,3.0,2.0,2.0,2.0,,
511,190169,3000,4,0,1,2,2,5,1,0,0,0.0,1.0,1.0,0.0,1.0,1.0,,1.0,5.0,3.0,2.0,2.0,2.0,,
512,190147,500,3,1,1,1,1,1,1,0,0,0.0,0.0,0.0,0.0,2.0,1.0,,1.0,5.0,3.0,3.0,2.0,2.0,3.0,
513,190151,1500,4,1,0,1,1,1,1,0,0,0.0,0.0,1.0,1.0,2.0,1.0,,1.0,5.0,3.0,3.0,2.0,2.0,3.0,
514,190165,1500,5,0,2,2,2,3,1,0,0,0.0,0.0,1.0,1.0,2.0,1.0,,1.0,5.0,3.0,4.0,3.0,2.0,5.0,
515,190287,2500,4,0,1,2,2,2,1,0,0,0.0,0.0,1.0,0.0,2.0,1.0,,1.0,5.0,3.0,3.0,2.0,2.0,3.0,
516,190213,3000,5,1,1,2,2,4,2,0,0,0.0,1.0,1.0,0.0,2.0,1.0,,1.0,5.0,3.0,2.0,2.0,2.0,,
517,190242,2500,4,1,0,3,2,4,2,0,0,0.0,1.0,1.0,0.0,1.0,1.0,,1.0,5.0,3.0,2.0,2.0,2.0,,
518,190208,2000,4,2,0,1,2,2,1,0,0,0.0,0.0,1.0,0.0,2.0,1.0,,1.0,5.0,3.0,3.0,1.0,2.0,3.0,
519,190229,1500,4,1,0,2,2,1,1,0,0,0.0,0.0,1.0,0.0,2.0,1.0,,1.0,5.0,3.0,3.0,2.0,2.0,3.0,
520,190352,2500,4,0,1,2,2,4,1,0,0,0.0,1.0,1.0,0.0,2.0,1.0,,1.0,5.0,3.0,2.0,2.0,2.0,,
521,190202,1500,4,1,1,2,2,2,1,0,0,0.0,0.0,1.0,0.0,2.0,1.0,,1.0,5.0,3.0,3.0,3.0,2.0,3.0,
522,190237,2500,3,0,0,3,2,4,2,0,0,0.0,1.0,1.0,0.0,2.0,1.0,,1.0,5.0,3.0,2.0,2.0,2.0,2.0,
523,252181,5000,4,1,0,1,1,4,1,0,0,0.0,1.0,1.0,1.0,2.0,1.0,,2.0,5.0,3.0,2.0,2.0,2.0,,
524,190262,2500,4,0,2,2,2,4,2,0,0,0.0,1.0,1.0,0.0,2.0,1.0,,1.0,5.0,3.0,2.0,2.0,2.0,,
525,252189,5000,5,0,2,1,2,4,1,0,0,0.0,,1.0,1.0,2.0,2.0,,2.0,5.0,3.0,1.0,2.0,2.0,2.0,
526,252152,7000,4,1,0,1,2,3,1,1,0,0.0,1.0,1.0,1.0,2.0,2.0,,2.0,5.0,3.0,1.0,2.0,2.0,2.0,
527,190160,1500,4,0,1,1,2,2,1,0,0,0.0,0.0,1.0,0.0,2.0,1.0,,1.0,5.0,3.0,2.0,3.0,2.0,,
528,190164,3000,5,1,1,3,2,4,2,0,0,0.0,0.0,1.0,0.0,2.0,1.0,,1.0,5.0,3.0,3.0,3.0,2.0,,
529,252156,5000,5,0,0,1,2,4,1,0,0,0.0,1.0,1.0,1.0,2.0,2.0,,4.0,5.0,3.0,1.0,2.0,2.0,2.0,
530,252175,5000,4,0,0,1,2,4,1,0,0,0.0,1.0,1.0,1.0,2.0,2.0,,4.0,5.0,3.0,2.0,3.0,2.0,2.0,
531,252151,6000,4,0,0,4,1,4,1,0,0,0.0,1.0,1.0,1.0,2.0,2.0,,4.0,5.0,3.0,2.0,2.0,2.0,2.0,
532,252122,6000,5,0,0,1,2,4,1,0,0,0.0,1.0,1.0,1.0,2.0,2.0,,4.0,5.0,3.0,2.0,2.0,2.0,2.0,
533,252135,6500,4,0,0,0,2,4,0,0,0,0.0,1.0,1.0,1.0,2.0,1.0,,2.0,5.0,3.0,1.0,1.0,2.0,2.0,
534,252131,8600,5,0,0,0,1,3,0,0,0,0.0,0.0,1.0,1.0,2.0,2.0,,2.0,5.0,3.0,2.0,2.0,2.0,2.0,
535,252147,6000,4,0,0,0,1,3,0,0,0,0.0,0.0,1.0,1.0,2.0,2.0,,2.0,5.0,3.0,2.0,2.0,2.0,2.0,
536,252170,7000,4,0,0,0,2,3,0,0,0,0.0,0.0,1.0,1.0,2.0,2.0,,5.0,5.0,3.0,2.0,2.0,2.0,2.0,
537,242149,20000,5,1,0,1,2,5,1,1,0,0.0,0.0,1.0,1.0,2.0,2.0,,1.0,5.0,3.0,1.0,1.0,1.0,,
538,242206,600,3,0,0,1,1,1,0,0,0,0.0,0.0,1.0,1.0,1.0,1.0,,1.0,5.0,3.0,1.0,1.0,1.0,,
539,242131,14000,4,0,0,3,3,2,0,1,0,0.0,0.0,1.0,1.0,1.0,1.0,,1.0,5.0,3.0,1.0,1.0,1.0,,
540,242215,0,3,0,1,1,1,2,0,0,0,0.0,0.0,1.0,1.0,1.0,1.0,,1.0,5.0,3.0,1.0,1.0,1.0,,
541,242293,15000,5,1,0,1,2,2,0,0,0,0.0,0.0,1.0,1.0,1.0,1.0,,1.0,5.0,3.0,1.0,1.0,1.0,,
542,242327,1320,5,0,1,2,1,1,0,1,0,0.0,0.0,1.0,1.0,1.0,1.0,,1.0,5.0,3.0,1.0,1.0,1.0,,
543,242186,20000,4,0,1,4,2,4,2,0,0,0.0,0.0,1.0,1.0,4.0,1.0,,1.0,5.0,3.0,4.0,2.0,2.0,2.0,
544,242167,4000,4,0,0,3,2,5,2,0,0,0.0,0.0,,,3.0,2.0,,3.0,3.0,3.0,,,,,
545,242208,7000,4,0,1,2,2,6,2,0,0,0.0,0.0,1.0,1.0,3.0,1.0,,2.0,1.0,3.0,2.0,2.0,2.0,,
546,242195,27000,4,1,1,2,1,5,1,0,0,0.0,0.0,1.0,1.0,2.0,1.0,,2.0,2.0,3.0,2.0,2.0,2.0,,
547,242245,35000,4,1,0,3,2,,2,0,0,0.0,0.0,1.0,1.0,3.0,2.0,,1.0,1.0,3.0,1.0,1.0,2.0,,
548,242168,5600,5,0,2,2,2,4,1,0,0,0.0,0.0,1.0,1.0,2.0,1.0,,3.0,5.0,4.0,1.0,2.0,2.0,,
549,242210,4500,5,0,2,3,2,4,0,0,0,0.0,0.0,1.0,1.0,2.0,1.0,,3.0,4.0,3.0,2.0,1.0,2.0,2.0,
550,242231,19000,3,1,0,2,1,3,0,0,0,0.0,0.0,1.0,1.0,1.0,1.0,,2.0,5.0,,1.0,1.0,2.0,,
551,242209,7000,5,1,1,2,1,5,0,0,0,0.0,0.0,1.0,1.0,2.0,1.0,,2.0,4.0,3.0,1.0,2.0,2.0,,
552,242314,7000,5,0,2,2,2,7,2,1,1,0.0,0.0,1.0,1.0,3.0,2.0,,2.0,5.0,3.0,2.0,2.0,2.0,,
553,242204,8000,5,0,2,2,1,6,2,1,1,0.0,0.0,1.0,1.0,2.0,2.0,,1.0,5.0,3.0,2.0,2.0,2.0,3.0,
554,242225,5000,3,2,2,3,2,5,7,1,0,0.0,0.0,1.0,1.0,2.0,1.0,,5.0,1.0,3.0,1.0,1.0,2.0,,
555,242160,2060,5,1,2,2,1,6,2,1,1,0.0,0.0,1.0,1.0,2.0,1.0,,1.0,5.0,3.0,1.0,1.0,2.0,2.0,
556,242109,20000,5,1,1,3,2,5,2,1,1,0.0,0.0,1.0,1.0,3.0,1.0,,1.0,5.0,3.0,2.0,2.0,2.0,,
557,242292,6000,5,0,2,2,2,4,2,1,0,0.0,0.0,1.0,1.0,3.0,1.0,,1.0,3.0,3.0,1.0,2.0,2.0,,
558,224674,0,3,1,1,1,1,3,1,0,0,0.0,1.0,1.0,1.0,2.0,1.0,,1.0,5.0,3.0,1.0,2.0,2.0,,
559,224808,0,5,1,2,1,1,3,1,0,0,0.0,1.0,1.0,1.0,1.0,1.0,,1.0,5.0,,1.0,2.0,2.0,,
560,224697,10000,4,2,2,1,1,6,1,1,1,0.0,1.0,1.0,1.0,2.0,1.0,,1.0,5.0,3.0,1.0,2.0,2.0,,
561,224713,5000,4,1,1,1,1,5,1,1,1,0.0,0.0,1.0,1.0,2.0,2.0,,1.0,5.0,3.0,1.0,2.0,2.0,,
562,224683,2000,4,1,1,1,1,5,1,1,1,0.0,0.0,1.0,1.0,4.0,1.0,,1.0,5.0,3.0,1.0,2.0,2.0,,
563,224863,4500,5,1,2,1,2,3,1,1,0,0.0,0.0,1.0,1.0,1.0,1.0,,1.0,5.0,3.0,1.0,1.0,2.0,,
564,224878,3800,5,1,2,1,1,5,1,0,0,0.0,0.0,1.0,1.0,2.0,2.0,,1.0,5.0,3.0,1.0,1.0,2.0,,
565,242313,5000,3,0,1,2,2,4,0,0,0,1.0,0.0,1.0,1.0,3.0,1.0,,1.0,2.0,3.0,1.0,1.0,1.0,,
566,242315,6000,5,2,0,3,2,4,2,0,0,1.0,0.0,1.0,1.0,2.0,2.0,,1.0,3.0,3.0,1.0,1.0,1.0,,
567,242321,30000,4,0,1,3,2,5,0,0,0,1.0,0.0,1.0,1.0,2.0,1.0,,3.0,5.0,3.0,1.0,1.0,1.0,,
568,242323,12000,5,2,1,3,2,5,1,0,0,1.0,0.0,1.0,1.0,1.0,1.0,,1.0,5.0,2.0,1.0,1.0,1.0,2.0,
569,242325,12000,5,0,2,4,,6,0,0,0,1.0,0.0,1.0,1.0,1.0,1.0,,1.0,2.0,4.0,1.0,1.0,1.0,,
570,242326,13000,5,3,0,3,2,,1,1,1,1.0,0.0,1.0,1.0,1.0,1.0,,2.0,5.0,3.0,1.0,1.0,1.0,,
571,242328,20000,4,1,2,4,3,6,1,1,1,1.0,0.0,1.0,1.0,1.0,2.0,,3.0,5.0,3.0,1.0,1.0,1.0,,
